2976248	2051-594	0	2355	-1	A0A162IG95|unreviewed|EKC/KEOPS|k147_955766|-|55|4.241e-11|1|1458|2051|2051[2051]:1458[1458]:594[594]
3223365	285-213	0	3504	-1	A0A8H4VHQ8|unreviewed|Hydrophobin|taxID:84607|k147_3790727|-|33|0.0001779|1|73|285|285[285]:73[73]:213[213]
664613	1035-1023	0	3906	-1	A0A366Q855|unreviewed|Aldedh|k147_2061747|-|146|1.713e-38|1|13|1035|1035[1035]:13[13]:1023[1023]
3475402	332-165	0	174	-1	A0A067Q6R4|unreviewed|Hydrophobin|taxID:933084|k147_2400269|-|31|0.0007116|1|168|332|332[332]:168[168]:165[165]
2750900	127+1266	0	488	1	A0A420TTB3|unreviewed|Aldedh|k147_1422272|+|208|3.715e-57|1|127|1392|127[127]:1392[1392]:1266[1266]
2713955	659-615	0	2355	-1	A0A162IG95|unreviewed|EKC/KEOPS|k147_4102182|-|75|4.045e-17|1|45|659|659[659]:45[45]:615[615]
2492936	4843+618	0	2355	1	A0A162IG95|unreviewed|EKC/KEOPS|k147_3573648|+|68|5.178e-15|1|4843|5460|4843[4843]:5460[5460]:618[618]
1911543	573-573	0	2355	-1	A0A162IG95|unreviewed|EKC/KEOPS|k147_3495955|-|52|3.393e-10|1|1|573|573[573]:1[1]:573[573]
311925	8737+1431	0	3906	1	A0A366Q855|unreviewed|Aldedh|k147_3281651|+|369|1.271e-105|1|8737|10167|8737[8737]:10167[10167]:1431[1431]
488731	2545-1278	0	3410	-1	A0A8H7B8Y1|unreviewed|Amino|k147_2613016|-|129|2.245e-33|1|1268|2545|2545[2545]:1268[1268]:1278[1278]
562147	557-558	0	2355	-1	A0A162IG95|unreviewed|EKC/KEOPS|k147_2358978|-|58|5.302e-12|1|0|557|557[557]:0[0]:558[558]
653262	9+693	0	2355	1	A0A162IG95|unreviewed|EKC/KEOPS|k147_2349548|+|57|1.06e-11|1|9|701|9[9]:701[701]:693[693]
1422935	643-609	0	2355	-1	A0A162IG95|unreviewed|EKC/KEOPS|k147_824908|-|64|8.284e-14|1|35|643|643[643]:35[35]:609[609]
3489469	690+249	0	36	1	A0A1X6N321|unreviewed|Hydrophobin|taxID:670580|k147_996603|+|32|0.0003558|1|690|938|690[690]:938[938]:249[249]
2898502	301-270	0	2273	-1	A0A397GCR2|unreviewed|10|k147_3264438|-|63|1.657e-13|1|32|301|301[301]:32[32]:270[270]
1260852	107+1143	0	4336	1	A0A4T0FKI7|unreviewed|Arginine|k147_2441313|+|241|4.324e-67|1|107|1249|107[107]:1249[1249]:1143[1143]
1917395	143+597	0	2355	1	A0A162IG95|unreviewed|EKC/KEOPS|k147_1619618|+|67|1.036e-14|1|143|739|143[143]:739[739]:597[597]
3448081	601-594	0	2355	-1	A0A162IG95|unreviewed|EKC/KEOPS|k147_3206764|-|51|6.786e-10|1|8|601|601[601]:8[8]:594[594]
3485934	225+183	0	101	1	A0A8K0XM41|unreviewed|Hydrophobin|taxID:1940300|k147_2816153|+|32|0.0003558|1|225|407|225[225]:407[407]:183[183]
2763137	109+183	0	4530	1	A0A8H4VMU3|unreviewed|Hydrophobin|taxID:84607|k147_958479|+|33|0.0001779|1|109|291|109[109]:291[291]:183[183]
2044781	632-279	0	3331	-1	A0A8H4HK08|unreviewed|10|k147_3274703|-|65|4.142e-14|1|354|632|632[632]:354[354]:279[279]
1296834	628-612	0	2355	-1	A0A162IG95|unreviewed|EKC/KEOPS|k147_522134|-|56|2.121e-11|1|17|628|628[628]:17[17]:612[612]
2257754	742-273	0	4110	-1	A0A0A1T386|unreviewed|Hydrophobin|taxID:1531966|k147_804292|-|31|0.0007116|1|470|742|742[742]:470[470]:273[273]
2826558	101+153	0	1740	1	A0A1C7MLI3|unreviewed|Hydrophobin|taxID:5627|k147_1521470|+|31|0.0007116|1|101|253|101[101]:253[253]:153[153]
780430	422-153	0	502	-1	A0A8H5VLI0|unreviewed|Hydrophobin|taxID:1567544|k147_831720|-|32|0.0003558|1|270|422|422[422]:270[270]:153[153]
3263385	1120-633	0	2355	-1	A0A162IG95|unreviewed|EKC/KEOPS|k147_2931626|-|49|2.715e-09|1|488|1120|1120[1120]:488[488]:633[633]
251942	175+1434	0	3906	1	A0A366Q855|unreviewed|Aldedh|k147_1134302|+|280|7.866e-79|1|175|1608|175[175]:1608[1608]:1434[1434]
230473	74+960	0	3906	1	A0A366Q855|unreviewed|Aldedh|k147_652750|+|168|4.084e-45|1|74|1033|74[74]:1033[1033]:960[960]
1278239	354-180	0	3221	-1	A0A2T4BLJ2|unreviewed|Hydrophobin|k147_3625438|-|32|0.0003558|1|175|354|354[354]:175[175]:180[180]
2413644	665+1155	0	4336	1	A0A4T0FKI7|unreviewed|Arginine|k147_3590745|+|235|2.768e-65|1|665|1819|665[665]:1819[1819]:1155[1155]
633799	744+480	0	4972	1	A0A0C9VP92|unreviewed|4-nitrophenylphosphatase|taxID:990650|k147_3043386|+|76|2.022e-17|1|744|1223|744[744]:1223[1223]:480[480]
78982	328+240	0	4884	1	A0A8H6ZYK6|unreviewed|Hydrophobin|taxID:5322|k147_394771|+|34|8.895e-05|1|328|567|328[328]:567[567]:240[240]
1863825	384-276	0	1558	-1	A0A0D2NF10|unreviewed|Hydrophobin|taxID:945553|k147_768524|-|32|0.0003558|1|109|384|384[384]:109[109]:276[276]
1653060	208-180	0	1020	-1	G0RGA8|unreviewed|Hydrophobin|taxID:431241|k147_2946138|-|31|0.0007116|1|29|208|208[208]:29[29]:180[180]
1345473	1143-1143	0	3906	-1	A0A366Q855|unreviewed|Aldedh|k147_196244|-|199|1.902e-54|1|1|1143|1143[1143]:1[1]:1143[1143]
243275	5+1167	0	3906	1	A0A366Q855|unreviewed|Aldedh|k147_4066700|+|245|2.703e-68|1|5|1171|5[5]:1171[1171]:1167[1167]
1765050	1083-1047	0	3906	-1	A0A366Q855|unreviewed|Aldedh|k147_2888689|-|167|8.169e-45|1|37|1083|1083[1083]:37[37]:1047[1047]
2973761	25+618	0	2355	1	A0A162IG95|unreviewed|EKC/KEOPS|k147_73699|+|62|3.314e-13|1|25|642|25[25]:642[642]:618[618]
2094748	3071-657	0	2355	-1	A0A162IG95|unreviewed|EKC/KEOPS|k147_893202|-|74|8.09e-17|1|2415|3071|3071[3071]:2415[2415]:657[657]
1196411	937+171	0	4478	1	A0A1M2VCQ2|unreviewed|Hydrophobin|taxID:154538|k147_175502|+|34|8.895e-05|1|937|1107|937[937]:1107[1107]:171[171]
1859228	19+612	0	2355	1	A0A162IG95|unreviewed|EKC/KEOPS|k147_2645973|+|45|4.343e-08|1|19|630|19[19]:630[630]:612[612]
1425022	1328-612	0	2355	-1	A0A162IG95|unreviewed|EKC/KEOPS|k147_3410726|-|51|6.786e-10|1|717|1328|1328[1328]:717[717]:612[612]
1318187	433+147	0	1320	1	S7RIN2|unreviewed|Hydrophobin|taxID:670483|k147_709793|+|31|0.0007116|1|433|579|433[433]:579[579]:147[147]
1869471	1030+603	0	2355	1	A0A162IG95|unreviewed|EKC/KEOPS|k147_1711335|+|52|3.393e-10|1|1030|1632|1030[1030]:1632[1632]:603[603]
2236070	257+168	0	4891	1	A8NNA1|unreviewed|Hydrophobin|taxID:240176|k147_674829|+|35|4.447e-05|1|257|424|257[257]:424[424]:168[168]
407827	286+600	0	2355	1	A0A162IG95|unreviewed|EKC/KEOPS|k147_1864651|+|44|8.686e-08|1|286|885|286[286]:885[885]:600[600]
2843588	7780-1143	0	4336	-1	A0A4T0FKI7|unreviewed|Arginine|k147_1706977|-|243|1.081e-67|1|6638|7780|7780[7780]:6638[6638]:1143[1143]
2637421	933-930	0	488	-1	A0A420TTB3|unreviewed|Aldedh|k147_3710939|-|149|2.141e-39|1|4|933|933[933]:4[4]:930[930]
2501490	1094-1047	0	4336	-1	A0A4T0FKI7|unreviewed|Arginine|k147_2111204|-|202|2.377e-55|1|48|1094|1094[1094]:48[48]:1047[1047]
3040398	1420-1152	0	3410	-1	A0A8H7B8Y1|unreviewed|Amino|k147_169069|-|64|8.284e-14|1|269|1420|1420[1420]:269[269]:1152[1152]
898986	2720-264	0	2946	-1	A0A2A9NF67|unreviewed|Hydrophobin|taxID:703135|k147_483724|-|31|0.0007116|1|2457|2720|2720[2720]:2457[2457]:264[264]
1784127	1279-936	0	3906	-1	A0A366Q855|unreviewed|Aldedh|k147_3016372|-|177|7.977e-48|1|344|1279|1279[1279]:344[344]:936[936]
662225	303+138	0	2879	1	A0A2T4BC26|unreviewed|Hydrophobin|taxID:58853|k147_3059006|+|34|8.895e-05|1|303|440|303[303]:440[440]:138[138]
3278664	1810-612	0	2355	-1	A0A162IG95|unreviewed|EKC/KEOPS|k147_883902|-|57|1.06e-11|1|1199|1810|1810[1810]:1199[1199]:612[612]
402166	984-288	0	2273	-1	A0A397GCR2|unreviewed|10|k147_2918944|-|70|1.294e-15|1|697|984|984[984]:697[697]:288[288]
2151142	1361-1149	0	4336	-1	A0A4T0FKI7|unreviewed|Arginine|k147_335399|-|225|2.834e-62|1|213|1361|1361[1361]:213[213]:1149[1149]
1339728	812-666	0	4972	-1	A0A0C9VP92|unreviewed|4-nitrophenylphosphatase|taxID:990650|k147_2542555|-|117|9.197e-30|1|147|812|812[812]:147[147]:666[666]
2184862	416+156	0	306	1	A0A1E1LEL7|unreviewed|Cerato-ulmin|taxID:914238|k147_3878559|+|37|1.112e-05|1|416|571|416[416]:571[571]:156[156]
2294440	27+150	0	4084	1	A0A6A6EYF7|unreviewed|Hydrophobin|k147_1411363|+|31|0.0007116|1|27|176|27[27]:176[176]:150[150]
1478345	2401+1386	0	3906	1	A0A366Q855|unreviewed|Aldedh|k147_150411|+|194|6.086e-53|1|2401|3786|2401[2401]:3786[3786]:1386[1386]
3040106	344+198	0	2370	1	A0A4Q4SM89|unreviewed|Cryparin|taxID:156630|k147_286237|+|32|0.0003558|1|344|541|344[344]:541[541]:198[198]
3286250	1143-630	0	2355	-1	A0A162IG95|unreviewed|EKC/KEOPS|k147_300193|-|56|2.121e-11|1|514|1143|1143[1143]:514[514]:630[630]
1005302	1290-666	0	4972	-1	A0A0C9VP92|unreviewed|4-nitrophenylphosphatase|taxID:990650|k147_3948419|-|111|5.886e-28|1|625|1290|1290[1290]:625[625]:666[666]
1576766	2261+1395	0	3906	1	A0A366Q855|unreviewed|Aldedh|k147_2670134|+|288|3.073e-81|1|2261|3655|2261[2261]:3655[3655]:1395[1395]
1855717	554+474	0	4972	1	A0A0C9VP92|unreviewed|4-nitrophenylphosphatase|taxID:990650|k147_1586508|+|68|5.178e-15|1|554|1027|554[554]:1027[1027]:474[474]
515246	0+897	0	3906	1	A0A366Q855|unreviewed|Aldedh|k147_2744418|+|129|2.245e-33|1|0|896|0[0]:896[896]:897[897]
2200023	672-609	0	2355	-1	A0A162IG95|unreviewed|EKC/KEOPS|k147_2594343|-|50|1.357e-09|1|64|672|672[672]:64[64]:609[609]
3267094	265-153	0	4307	-1	A0A1M2VBT3|unreviewed|Hydrophobin|taxID:154538|k147_1054266|-|31|0.0007116|1|113|265|265[265]:113[113]:153[153]
1170147	816-561	0	572	-1	A0A4R0RCR0|unreviewed|HDc|k147_924338|-|87|9.875e-21|1|256|816|816[816]:256[256]:561[561]
3299704	944-918	0	4336	-1	A0A4T0FKI7|unreviewed|Arginine|k147_3479730|-|198|3.804e-54|1|27|944|944[944]:27[27]:918[918]
3153834	980-630	0	2355	-1	A0A162IG95|unreviewed|EKC/KEOPS|k147_1110061|-|38|5.559e-06|1|351|980|980[980]:351[351]:630[630]
2007714	549-540	0	4972	-1	A0A0C9VP92|unreviewed|4-nitrophenylphosphatase|taxID:990650|k147_2725506|-|77|1.011e-17|1|10|549|549[549]:10[10]:540[540]
1895140	1573-222	0	1373	-1	A0A067TCT8|unreviewed|Hydrophobin|taxID:685588|k147_2841654|-|33|0.0001779|1|1352|1573|1573[1573]:1352[1352]:222[222]
426291	47+1143	0	4336	1	A0A4T0FKI7|unreviewed|Arginine|k147_1229013|+|256|1.32e-71|1|47|1189|47[47]:1189[1189]:1143[1143]
757072	265-126	0	5433	-1	A0A1P8YYB8|unreviewed|Class|k147_1758047|-|32|0.0003558|1|140|265|265[265]:140[140]:126[126]
3397344	75+138	0	3746	1	A0A7D5QW02|unreviewed|Hydrophobin|k147_2181718|+|31|0.0007116|1|75|212|75[75]:212[212]:138[138]
964994	96+819	0	4972	1	A0A0C9VP92|unreviewed|4-nitrophenylphosphatase|taxID:990650|k147_285285|+|55|4.241e-11|1|96|914|96[96]:914[914]:819[819]
1590608	1363-222	0	671	-1	A0A8H3VCI2|unreviewed|Cryparin|taxID:5025|k147_2912383|-|36|2.224e-05|1|1142|1363|1363[1363]:1142[1142]:222[222]
3084179	1040-249	0	3851	-1	A0A8H5GBS4|unreviewed|Hydrophobin|taxID:201217|k147_3539806|-|33|0.0001779|1|792|1040|1040[1040]:792[792]:249[249]
2390462	2112-1050	0	4336	-1	A0A4T0FKI7|unreviewed|Arginine|k147_3518600|-|207|7.429e-57|1|1063|2112|2112[2112]:1063[1063]:1050[1050]
1591446	16+642	0	2355	1	A0A162IG95|unreviewed|EKC/KEOPS|k147_2384513|+|66|2.071e-14|1|16|657|16[16]:657[657]:642[642]
3443692	388-273	0	3331	-1	A0A8H4HK08|unreviewed|10|k147_3909339|-|58|5.302e-12|1|116|388|388[388]:116[116]:273[273]
2358115	1669-612	0	2355	-1	A0A162IG95|unreviewed|EKC/KEOPS|k147_2620619|-|61|6.627e-13|1|1058|1669|1669[1669]:1058[1058]:612[612]
3327585	15+225	0	4448	1	A0A067Q086|unreviewed|Hydrophobin|taxID:933084|k147_1086113|+|31|0.0007116|1|15|239|15[15]:239[239]:225[225]
48827	927-657	0	2355	-1	A0A162IG95|unreviewed|EKC/KEOPS|k147_319815|-|48|5.429e-09|1|271|927|927[927]:271[271]:657[657]
2753318	270+603	0	2355	1	A0A162IG95|unreviewed|EKC/KEOPS|k147_3420601|+|67|1.036e-14|1|270|872|270[270]:872[872]:603[603]
2296063	293+603	0	2355	1	A0A162IG95|unreviewed|EKC/KEOPS|k147_1353741|+|55|4.241e-11|1|293|895|293[293]:895[895]:603[603]
154873	853-735	0	4972	-1	A0A0C9VP92|unreviewed|4-nitrophenylphosphatase|taxID:990650|k147_1023958|-|101|6.027e-25|1|119|853|853[853]:119[119]:735[735]
203780	24+990	0	4336	1	A0A4T0FKI7|unreviewed|Arginine|k147_2871304|+|228|3.543e-63|1|24|1013|24[24]:1013[1013]:990[990]
3321103	77+603	0	2355	1	A0A162IG95|unreviewed|EKC/KEOPS|k147_2845644|+|47|1.086e-08|1|77|679|77[77]:679[679]:603[603]
1021211	926+132	0	4411	1	A0A1P8YYG5|unreviewed|Class|k147_2312455|+|32|0.0003558|1|926|1057|926[926]:1057[1057]:132[132]
2982167	1308+576	0	2355	1	A0A162IG95|unreviewed|EKC/KEOPS|k147_1781740|+|54|8.483e-11|1|1308|1883|1308[1308]:1883[1883]:576[576]
3276532	1368-1251	0	3906	-1	A0A366Q855|unreviewed|Aldedh|k147_236467|-|104|7.534e-26|1|118|1368|1368[1368]:118[118]:1251[1251]
456847	2015-447	0	3965	-1	A0A1M2V347|unreviewed|Hydrophobin|taxID:154538|k147_2008803|-|34|8.895e-05|1|1569|2015|2015[2015]:1569[1569]:447[447]
847292	135+156	0	3383	1	A0A1B8AAU1|unreviewed|Cerato-ulmin|taxID:36050|k147_397162|+|33|0.0001779|1|135|290|135[135]:290[290]:156[156]
1168203	1347-675	0	2355	-1	A0A162IG95|unreviewed|EKC/KEOPS|k147_3741697|-|55|4.241e-11|1|673|1347|1347[1347]:673[673]:675[675]
3481619	315-162	0	3727	-1	A0A1P8YYG1|unreviewed|Class|k147_1110273|-|39|2.78e-06|1|154|315|315[315]:154[154]:162[162]
124195	1517-1257	0	3906	-1	A0A366Q855|unreviewed|Aldedh|k147_2534374|-|241|4.324e-67|1|261|1517|1517[1517]:261[261]:1257[1257]
2443845	525-225	0	662	-1	A0A4U6XHY6|unreviewed|Cerato-ulmin|taxID:1306861|k147_1961788|-|34|8.895e-05|1|301|525|525[525]:301[301]:225[225]
3008478	105+978	0	3906	1	A0A366Q855|unreviewed|Aldedh|k147_2677054|+|198|3.804e-54|1|105|1082|105[105]:1082[1082]:978[978]
209571	230+1212	0	3906	1	A0A366Q855|unreviewed|Aldedh|k147_2170581|+|228|3.543e-63|1|230|1441|230[230]:1441[1441]:1212[1212]
3243347	1185+606	0	2355	1	A0A162IG95|unreviewed|EKC/KEOPS|k147_1452573|+|55|4.241e-11|1|1185|1790|1185[1185]:1790[1790]:606[606]
1297848	34+594	0	2355	1	A0A162IG95|unreviewed|EKC/KEOPS|k147_2168960|+|56|2.121e-11|1|34|627|34[34]:627[627]:594[594]
3342801	796-315	0	2615	-1	A0A397GT93|unreviewed|Hydrophobin|taxID:41047|k147_3913677|-|31|0.0007116|1|482|796|796[796]:482[482]:315[315]
151088	1+1056	0	4336	1	A0A4T0FKI7|unreviewed|Arginine|k147_3899311|+|193|1.217e-52|1|1|1056|1[1]:1056[1056]:1056[1056]
530412	84+159	0	181	1	A0A0C3BS31|unreviewed|Hydrophobin|taxID:686832|k147_2577313|+|31|0.0007116|1|84|242|84[84]:242[242]:159[159]
483529	126+276	0	3331	1	A0A8H4HK08|unreviewed|10|k147_3080170|+|58|5.302e-12|1|126|401|126[126]:401[401]:276[276]
1703082	593-591	0	2355	-1	A0A162IG95|unreviewed|EKC/KEOPS|k147_1387212|-|59|2.651e-12|1|3|593|593[593]:3[3]:591[591]
1148603	987-987	0	3906	-1	A0A366Q855|unreviewed|Aldedh|k147_1793398|-|184|6.232e-50|1|1|987|987[987]:1[1]:987[987]
2810858	0+864	0	3906	1	A0A366Q855|unreviewed|Aldedh|k147_1924443|+|247|6.757e-69|1|0|863|0[0]:863[863]:864[864]
1541220	89+171	0	1358	1	A0A8H6NQ89|unreviewed|Fungal|k147_300719|+|31|0.0007116|1|89|259|89[89]:259[259]:171[171]
1512152	6+903	0	488	1	A0A420TTB3|unreviewed|Aldedh|k147_344059|+|165|3.267e-44|1|6|908|6[6]:908[908]:903[903]
3045799	2246-1296	0	3906	-1	A0A366Q855|unreviewed|Aldedh|k147_1229200|-|172|2.553e-46|1|951|2246|2246[2246]:951[951]:1296[1296]
2503080	1205-696	0	4972	-1	A0A0C9VP92|unreviewed|4-nitrophenylphosphatase|taxID:990650|k147_114913|-|104|7.534e-26|1|510|1205|1205[1205]:510[510]:696[696]
427131	250+636	0	2355	1	A0A162IG95|unreviewed|EKC/KEOPS|k147_1110854|+|51|6.786e-10|1|250|885|250[250]:885[885]:636[636]
3224001	1435-1398	0	3906	-1	A0A366Q855|unreviewed|Aldedh|k147_1442134|-|174|6.382e-47|1|38|1435|1435[1435]:38[38]:1398[1398]
1050131	53+552	0	4972	1	A0A0C9VP92|unreviewed|4-nitrophenylphosphatase|taxID:990650|k147_3854305|+|73|1.618e-16|1|53|604|53[53]:604[604]:552[552]
645732	706-576	0	2355	-1	A0A162IG95|unreviewed|EKC/KEOPS|k147_2697216|-|51|6.786e-10|1|131|706|706[706]:131[131]:576[576]
2237277	928-924	0	3906	-1	A0A366Q855|unreviewed|Aldedh|k147_3613037|-|183|1.246e-49|1|5|928|928[928]:5[5]:924[924]
3122403	1876-603	0	2355	-1	A0A162IG95|unreviewed|EKC/KEOPS|k147_2562358|-|43|1.737e-07|1|1274|1876|1876[1876]:1274[1274]:603[603]
3036148	798+138	0	105	1	A9X633|unreviewed|Hydrophobin|taxID:71150|k147_3161284|+|31|0.0007116|1|798|935|798[798]:935[935]:138[138]
1770845	793+204	0	3461	1	A0A2H3B6G5|unreviewed|Hydrophobin|taxID:1076256|k147_3303194|+|33|0.0001779|1|793|996|793[793]:996[996]:204[204]
3075122	72+603	0	2355	1	A0A162IG95|unreviewed|EKC/KEOPS|k147_245838|+|70|1.294e-15|1|72|674|72[72]:674[674]:603[603]
286950	25+162	0	2930	1	A0A0U1LI41|unreviewed|Hydrophobin|taxID:28573|k147_4030996|+|32|0.0003558|1|25|186|25[25]:186[186]:162[162]
53971	325+255	0	745	1	A0A4S8M877|unreviewed|Hydrophobin|taxID:1314807|k147_2613960|+|31|0.0007116|1|325|579|325[325]:579[579]:255[255]
3397904	1950-1140	0	3906	-1	A0A366Q855|unreviewed|Aldedh|k147_1007030|-|323|8.943e-92|1|811|1950|1950[1950]:811[811]:1140[1140]
1219408	1836-672	0	4972	-1	A0A0C9VP92|unreviewed|4-nitrophenylphosphatase|taxID:990650|k147_3946198|-|111|5.886e-28|1|1165|1836|1836[1836]:1165[1165]:672[672]
2093689	1036-960	0	4336	-1	A0A4T0FKI7|unreviewed|Arginine|k147_1773392|-|205|2.972e-56|1|77|1036|1036[1036]:77[77]:960[960]
3253229	708-615	0	2355	-1	A0A162IG95|unreviewed|EKC/KEOPS|k147_2574479|-|55|4.241e-11|1|94|708|708[708]:94[94]:615[615]
1003568	838-639	0	2355	-1	A0A162IG95|unreviewed|EKC/KEOPS|k147_775232|-|57|1.06e-11|1|200|838|838[838]:200[200]:639[639]
1279835	1767-1359	0	488	-1	A0A420TTB3|unreviewed|Aldedh|k147_982013|-|248|3.378e-69|1|409|1767|1767[1767]:409[409]:1359[1359]
533600	24+156	0	2556	1	A0A8K0J0P6|unreviewed|Hydrophobin|taxID:83212|k147_2343976|+|34|8.895e-05|1|24|179|24[24]:179[179]:156[156]
2333380	378+903	0	3906	1	A0A366Q855|unreviewed|Aldedh|k147_1961131|+|207|7.429e-57|1|378|1280|378[378]:1280[1280]:903[903]
2312898	3154+636	0	2355	1	A0A162IG95|unreviewed|EKC/KEOPS|k147_1950120|+|62|3.314e-13|1|3154|3789|3154[3154]:3789[3789]:636[636]
2608211	970-966	0	3906	-1	A0A366Q855|unreviewed|Aldedh|k147_699172|-|132|2.807e-34|1|5|970|970[970]:5[5]:966[966]
1322200	0+591	0	2355	1	A0A162IG95|unreviewed|EKC/KEOPS|k147_3355310|+|64|8.284e-14|1|0|590|0[0]:590[590]:591[591]
2220586	1240-1239	0	488	-1	A0A420TTB3|unreviewed|Aldedh|k147_2018650|-|366|1.017e-104|1|2|1240|1240[1240]:2[2]:1239[1239]
766100	748-630	0	2355	-1	A0A162IG95|unreviewed|EKC/KEOPS|k147_3056072|-|50|1.357e-09|1|119|748|748[748]:119[119]:630[630]
3293405	142+255	0	1674	1	A0A1G4BHL0|unreviewed|Fungal|k147_2712783|+|34|8.895e-05|1|142|396|142[142]:396[396]:255[255]
1758935	9+960	0	3906	1	A0A366Q855|unreviewed|Aldedh|k147_1769318|+|192|2.434e-52|1|9|968|9[9]:968[968]:960[960]
903683	1651+633	0	2355	1	A0A162IG95|unreviewed|EKC/KEOPS|k147_3893403|+|55|4.241e-11|1|1651|2283|1651[1651]:2283[2283]:633[633]
1398066	1+573	0	2355	1	A0A162IG95|unreviewed|EKC/KEOPS|k147_635821|+|50|1.357e-09|1|1|573|1[1]:573[573]:573[573]
3317205	79+567	0	2355	1	A0A162IG95|unreviewed|EKC/KEOPS|k147_3136770|+|60|1.325e-12|1|79|645|79[79]:645[645]:567[567]
637163	2+390	0	645	1	A0A139H591|unreviewed|Hydrophobin|taxID:321146|k147_167791|+|32|0.0003558|1|2|391|2[2]:391[391]:390[390]
3172196	2019-1209	0	3410	-1	A0A8H7B8Y1|unreviewed|Amino|k147_3763709|-|137|8.771e-36|1|811|2019|2019[2019]:811[811]:1209[1209]
442230	986-957	0	4336	-1	A0A4T0FKI7|unreviewed|Arginine|k147_1178008|-|224|5.668e-62|1|30|986|986[986]:30[30]:957[957]
1981741	1799-618	0	2355	-1	A0A162IG95|unreviewed|EKC/KEOPS|k147_68311|-|78|5.056e-18|1|1182|1799|1799[1799]:1182[1182]:618[618]
1460579	489+180	0	2186	1	A0A1B8A8M0|unreviewed|Hydrophobin|taxID:36050|k147_904231|+|38|5.559e-06|1|489|668|489[489]:668[668]:180[180]
856940	728-594	0	2355	-1	A0A162IG95|unreviewed|EKC/KEOPS|k147_3398533|-|49|2.715e-09|1|135|728|728[728]:135[135]:594[594]
2310897	5202-1104	0	4336	-1	A0A4T0FKI7|unreviewed|Arginine|k147_1537835|-|227|7.085e-63|1|4099|5202|5202[5202]:4099[4099]:1104[1104]
1384555	1593-1125	0	4336	-1	A0A4T0FKI7|unreviewed|Arginine|k147_3858049|-|212|2.322e-58|1|469|1593|1593[1593]:469[469]:1125[1125]
2585505	309-189	0	4329	-1	A0A409YNP5|unreviewed|Hydrophobin|taxID:181874|k147_3917199|-|36|2.224e-05|1|121|309|309[309]:121[121]:189[189]
3048806	19+615	0	2355	1	A0A162IG95|unreviewed|EKC/KEOPS|k147_819294|+|64|8.284e-14|1|19|633|19[19]:633[633]:615[615]
3342215	223-219	0	994	-1	A0A2C5Y4D8|unreviewed|Hydrophobin|taxID:2004952|k147_3091712|-|31|0.0007116|1|5|223|223[223]:5[5]:219[219]
121879	215-168	0	116	-1	M2R9W1|unreviewed|Hydrophobin|taxID:914234|k147_3707981|-|35|4.447e-05|1|48|215|215[215]:48[48]:168[168]
1488150	1116-981	0	4336	-1	A0A4T0FKI7|unreviewed|Arginine|k147_2153653|-|156|1.673e-41|1|136|1116|1116[1116]:136[136]:981[981]
3109332	424-186	0	4588	-1	A0A2T2N7P3|unreviewed|Trihydrophobin|taxID:1448308|k147_3612557|-|31|0.0007116|1|239|424|424[424]:239[239]:186[186]
2625229	290-198	0	3461	-1	A0A2H3B6G5|unreviewed|Hydrophobin|taxID:1076256|k147_3763014|-|33|0.0001779|1|93|290|290[290]:93[93]:198[198]
2833	2496+174	0	2531	1	A0A1V1T3R0|unreviewed|Hydrophobin|taxID:1813822|k147_3350149|+|31|0.0007116|1|2496|2669|2496[2496]:2669[2669]:174[174]
1154748	270-198	0	432	-1	A0A8H5H719|unreviewed|Hydrophobin|taxID:117010|k147_3851882|-|32|0.0003558|1|73|270|270[270]:73[73]:198[198]
2691321	606-606	0	2355	-1	A0A162IG95|unreviewed|EKC/KEOPS|k147_3622390|-|52|3.393e-10|1|1|606|606[606]:1[1]:606[606]
2805193	289-165	0	2927	-1	A0A0F7R7Q3|unreviewed|Hydrophobin|taxID:5062|k147_1744778|-|31|0.0007116|1|125|289|289[289]:125[125]:165[165]
1250072	889+177	0	1673	1	A0A1B7YSC2|unreviewed|Fungal|k147_555795|+|31|0.0007116|1|889|1065|889[889]:1065[1065]:177[177]
2603262	258+240	0	432	1	A0A8H5H719|unreviewed|Hydrophobin|taxID:117010|k147_3457273|+|31|0.0007116|1|258|497|258[258]:497[497]:240[240]
2557592	655-645	0	2355	-1	A0A162IG95|unreviewed|EKC/KEOPS|k147_2552148|-|56|2.121e-11|1|11|655|655[655]:11[11]:645[645]
2458402	297+210	0	4891	1	A8NNA1|unreviewed|Hydrophobin|taxID:240176|k147_970521|+|33|0.0001779|1|297|506|297[297]:506[506]:210[210]
2573563	43+1017	0	488	1	A0A420TTB3|unreviewed|Aldedh|k147_2032636|+|209|1.857e-57|1|43|1059|43[43]:1059[1059]:1017[1017]
614669	178+603	0	2355	1	A0A162IG95|unreviewed|EKC/KEOPS|k147_3913722|+|70|1.294e-15|1|178|780|178[178]:780[780]:603[603]
794479	390+597	0	2355	1	A0A162IG95|unreviewed|EKC/KEOPS|k147_2542789|+|61|6.627e-13|1|390|986|390[390]:986[986]:597[597]
3409957	1471-1134	0	488	-1	A0A420TTB3|unreviewed|Aldedh|k147_1835899|-|188|3.895e-51|1|338|1471|1471[1471]:338[338]:1134[1134]
144125	598+192	0	4891	1	A8NNA1|unreviewed|Hydrophobin|taxID:240176|k147_2485915|+|33|0.0001779|1|598|789|598[598]:789[789]:192[192]
2192581	1502-1245	0	3410	-1	A0A8H7B8Y1|unreviewed|Amino|k147_298958|-|150|1.071e-39|1|258|1502|1502[1502]:258[258]:1245[1245]
163921	5+936	0	488	1	A0A420TTB3|unreviewed|Aldedh|k147_2027888|+|187|7.79e-51|1|5|940|5[5]:940[940]:936[936]
1923250	525-216	0	347	-1	A0A067T6L6|unreviewed|Hydrophobin|taxID:685588|k147_1916622|-|32|0.0003558|1|310|525|525[525]:310[310]:216[216]
3099741	852-597	0	2355	-1	A0A162IG95|unreviewed|EKC/KEOPS|k147_611920|-|66|2.071e-14|1|256|852|852[852]:256[256]:597[597]
2631951	411+591	0	2355	1	A0A162IG95|unreviewed|EKC/KEOPS|k147_1534452|+|60|1.325e-12|1|411|1001|411[411]:1001[1001]:591[591]
2965164	1160-1161	0	1980	-1	A0A8H7XW47|unreviewed|GMC_OxRdtase_N|k147_1067223|-|113|1.472e-28|1|0|1160|1160[1160]:0[0]:1161[1161]
501124	229+234	0	3996	1	A0A4T0RYF0|unreviewed|Hydrophobin|taxID:1708541|k147_1738272|+|33|0.0001779|1|229|462|229[229]:462[462]:234[234]
824280	296-180	0	1301	-1	A8PFS2|unreviewed|Hydrophobin|taxID:240176|k147_1971268|-|32|0.0003558|1|117|296|296[296]:117[117]:180[180]
1604819	9+660	0	2355	1	A0A162IG95|unreviewed|EKC/KEOPS|k147_276975|+|67|1.036e-14|1|9|668|9[9]:668[668]:660[660]
3313612	594-303	0	4671	-1	A0A409YP78|unreviewed|Hydrophobin|taxID:181874|k147_1078665|-|35|4.447e-05|1|292|594|594[594]:292[292]:303[303]
2994081	1318-1242	0	488	-1	A0A420TTB3|unreviewed|Aldedh|k147_2317097|-|113|1.472e-28|1|77|1318|1318[1318]:77[77]:1242[1242]
511610	1338-774	0	4972	-1	A0A0C9VP92|unreviewed|4-nitrophenylphosphatase|taxID:990650|k147_1097494|-|106|1.884e-26|1|565|1338|1338[1338]:565[565]:774[774]
1202749	38+1149	0	4336	1	A0A4T0FKI7|unreviewed|Arginine|k147_3819947|+|253|1.056e-70|1|38|1186|38[38]:1186[1186]:1149[1149]
2301386	349-255	0	1674	-1	A0A1G4BHL0|unreviewed|Fungal|k147_1532724|-|35|4.447e-05|1|95|349|349[349]:95[95]:255[255]
2434739	19+597	0	2355	1	A0A162IG95|unreviewed|EKC/KEOPS|k147_2544655|+|55|4.241e-11|1|19|615|19[19]:615[615]:597[597]
1158657	152-147	0	3946	-1	A0A0C9UH44|unreviewed|Hydrophobin|taxID:990650|k147_918118|-|33|0.0001779|1|6|152|152[152]:6[6]:147[147]
2012652	72+219	0	3429	1	A0A0C2ZSY1|unreviewed|Hydrophobin|taxID:1036808|k147_2493132|+|33|0.0001779|1|72|290|72[72]:290[290]:219[219]
1661487	835-600	0	2355	-1	A0A162IG95|unreviewed|EKC/KEOPS|k147_72239|-|62|3.314e-13|1|236|835|835[835]:236[236]:600[600]
2789743	100+1083	0	3906	1	A0A366Q855|unreviewed|Aldedh|k147_3850875|+|167|8.169e-45|1|100|1182|100[100]:1182[1182]:1083[1083]
601908	166+651	0	2355	1	A0A162IG95|unreviewed|EKC/KEOPS|k147_265809|+|37|1.112e-05|1|166|816|166[166]:816[816]:651[651]
1723155	4+687	0	4972	1	A0A0C9VP92|unreviewed|4-nitrophenylphosphatase|taxID:990650|k147_3570567|+|47|1.086e-08|1|4|690|4[4]:690[690]:687[687]
1078978	590-588	0	2355	-1	A0A162IG95|unreviewed|EKC/KEOPS|k147_3517638|-|66|2.071e-14|1|3|590|590[590]:3[3]:588[588]
1191529	679-132	0	4411	-1	A0A1P8YYG5|unreviewed|Class|k147_759905|-|31|0.0007116|1|548|679|679[679]:548[548]:132[132]
516348	4147-243	0	4473	-1	A0A165VW30|unreviewed|Hydrophobin|taxID:1314782|k147_1629082|-|36|2.224e-05|1|3905|4147|4147[4147]:3905[3905]:243[243]
2582231	8+882	0	488	1	A0A420TTB3|unreviewed|Aldedh|k147_978297|+|97|9.644e-24|1|8|889|8[8]:889[889]:882[882]
1846776	923-894	0	488	-1	A0A420TTB3|unreviewed|Aldedh|k147_2287318|-|161|5.228e-43|1|30|923|923[923]:30[30]:894[894]
248632	1425-1311	0	488	-1	A0A420TTB3|unreviewed|Aldedh|k147_897965|-|172|2.553e-46|1|115|1425|1425[1425]:115[115]:1311[1311]
439068	157+609	0	2355	1	A0A162IG95|unreviewed|EKC/KEOPS|k147_1235171|+|71|6.472e-16|1|157|765|157[157]:765[765]:609[609]
1695667	988+612	0	2355	1	A0A162IG95|unreviewed|EKC/KEOPS|k147_1794092|+|50|1.357e-09|1|988|1599|988[988]:1599[1599]:612[612]
397981	117+144	0	486	1	A0A2V1CG96|unreviewed|Bhp2,|k147_3444994|+|31|0.0007116|1|117|260|117[117]:260[260]:144[144]
2903730	61+612	0	2355	1	A0A162IG95|unreviewed|EKC/KEOPS|k147_3090703|+|49|2.715e-09|1|61|672|61[61]:672[672]:612[612]
106040	559+210	0	4891	1	A8NNA1|unreviewed|Hydrophobin|taxID:240176|k147_3698283|+|33|0.0001779|1|559|768|559[559]:768[768]:210[210]
1806707	182+213	0	2690	1	W3X1A5|unreviewed|Hydrophobin|taxID:1229662|k147_2382909|+|33|0.0001779|1|182|394|182[182]:394[394]:213[213]
500468	758-735	0	2355	-1	A0A162IG95|unreviewed|EKC/KEOPS|k147_916257|-|51|6.786e-10|1|24|758|758[758]:24[24]:735[735]
965918	1+975	0	3906	1	A0A366Q855|unreviewed|Aldedh|k147_2048481|+|160|1.046e-42|1|1|975|1[1]:975[975]:975[975]
2224822	373+255	0	1674	1	A0A1G4BHL0|unreviewed|Fungal|k147_3664675|+|33|0.0001779|1|373|627|373[373]:627[627]:255[255]
2771579	73+333	0	768	1	A0A8H4R2V1|unreviewed|Hydrophobin|taxID:84607|k147_2843505|+|31|0.0007116|1|73|405|73[73]:405[405]:333[333]
2807641	670-597	0	2355	-1	A0A162IG95|unreviewed|EKC/KEOPS|k147_571640|-|67|1.036e-14|1|74|670|670[670]:74[74]:597[597]
2966561	1111-1044	0	488	-1	A0A420TTB3|unreviewed|Aldedh|k147_2360798|-|173|1.276e-46|1|68|1111|1111[1111]:68[68]:1044[1044]
1760536	750-684	0	2355	-1	A0A162IG95|unreviewed|EKC/KEOPS|k147_3767343|-|66|2.071e-14|1|67|750|750[750]:67[67]:684[684]
2777337	5277-603	0	2355	-1	A0A162IG95|unreviewed|EKC/KEOPS|k147_1965143|-|70|1.294e-15|1|4675|5277|5277[5277]:4675[4675]:603[603]
1833270	700-603	0	2355	-1	A0A162IG95|unreviewed|EKC/KEOPS|k147_986181|-|58|5.302e-12|1|98|700|700[700]:98[98]:603[603]
2300902	944-936	0	4336	-1	A0A4T0FKI7|unreviewed|Arginine|k147_1649829|-|173|1.276e-46|1|9|944|944[944]:9[9]:936[936]
368841	1275+981	0	3906	1	A0A366Q855|unreviewed|Aldedh|k147_2548849|+|135|3.508e-35|1|1275|2255|1275[1275]:2255[2255]:981[981]
340421	176+612	0	2355	1	A0A162IG95|unreviewed|EKC/KEOPS|k147_535602|+|56|2.121e-11|1|176|787|176[176]:787[787]:612[612]
612719	2273-627	0	2355	-1	A0A162IG95|unreviewed|EKC/KEOPS|k147_3207765|-|36|2.224e-05|1|1647|2273|2273[2273]:1647[1647]:627[627]
1953767	320-144	0	412	-1	A0A5C3L264|unreviewed|Hydrophobin|taxID:230819|k147_699345|-|33|0.0001779|1|177|320|320[320]:177[177]:144[144]
2553730	556-186	0	4113	-1	A0A0C3AIZ2|unreviewed|Hydrophobin|taxID:1036808|k147_1786123|-|32|0.0003558|1|371|556|556[556]:371[371]:186[186]
1311170	5717+1152	0	4336	1	A0A4T0FKI7|unreviewed|Arginine|k147_3643252|+|230|8.857e-64|1|5717|6868|5717[5717]:6868[6868]:1152[1152]
714852	1144-108	0	5237	-1	E2LNR9|unreviewed|Hydrophobin|taxID:554373|k147_561414|-|32|0.0003558|1|1037|1144|1144[1144]:1037[1037]:108[108]
786370	2836-1377	0	3906	-1	A0A366Q855|unreviewed|Aldedh|k147_1774613|-|192|2.434e-52|1|1460|2836|2836[2836]:1460[1460]:1377[1377]
2840525	551+240	0	283	1	F8PBG6|unreviewed|Hydrophobin|taxID:578457|k147_1940350|+|34|8.895e-05|1|551|790|551[551]:790[790]:240[240]
2483570	702-537	0	572	-1	A0A4R0RCR0|unreviewed|HDc|k147_1396262|-|51|6.786e-10|1|166|702|702[702]:166[166]:537[537]
3242330	1663-1143	0	4336	-1	A0A4T0FKI7|unreviewed|Arginine|k147_2626680|-|254|5.279e-71|1|521|1663|1663[1663]:521[521]:1143[1143]
1483638	753-528	0	572	-1	A0A4R0RCR0|unreviewed|HDc|k147_798722|-|36|2.224e-05|1|226|753|753[753]:226[226]:528[528]
1906082	344+186	0	2680	1	M2PI99|unreviewed|Hydrophobin|taxID:914234|k147_1084676|+|31|0.0007116|1|344|529|344[344]:529[529]:186[186]
839235	5007-255	0	5438	-1	A0A2K0TCD0|unreviewed|Trihydrophobin|taxID:398673|k147_276057|-|36|2.224e-05|1|4753|5007|5007[5007]:4753[4753]:255[255]
52525	684-645	0	2355	-1	A0A162IG95|unreviewed|EKC/KEOPS|k147_87397|-|53|1.697e-10|1|40|684|684[684]:40[40]:645[645]
2870782	1050-618	0	2355	-1	A0A162IG95|unreviewed|EKC/KEOPS|k147_77052|-|59|2.651e-12|1|433|1050|1050[1050]:433[433]:618[618]
2280514	747-237	0	2863	-1	A0A084B4E0|unreviewed|Trihydrophobin|taxID:1280523|k147_2344448|-|34|8.895e-05|1|511|747|747[747]:511[511]:237[237]
1443960	412+606	0	2355	1	A0A162IG95|unreviewed|EKC/KEOPS|k147_3831758|+|62|3.314e-13|1|412|1017|412[412]:1017[1017]:606[606]
1850254	441+162	0	4096	1	A7LNX0|unreviewed|Hydrophobin|taxID:29875|k147_3521507|+|32|0.0003558|1|441|602|441[441]:602[602]:162[162]
448078	499+1131	0	488	1	A0A420TTB3|unreviewed|Aldedh|k147_1416327|+|166|1.634e-44|1|499|1629|499[499]:1629[1629]:1131[1131]
693856	1215-1215	0	3906	-1	A0A366Q855|unreviewed|Aldedh|k147_2664898|-|268|3.222e-75|1|1|1215|1215[1215]:1[1]:1215[1215]
96920	1105-1035	0	3906	-1	A0A366Q855|unreviewed|Aldedh|k147_2519218|-|130|1.123e-33|1|71|1105|1105[1105]:71[71]:1035[1035]
755416	632-612	0	2355	-1	A0A162IG95|unreviewed|EKC/KEOPS|k147_2521251|-|57|1.06e-11|1|21|632|632[632]:21[21]:612[612]
1863768	278+585	0	2355	1	A0A162IG95|unreviewed|EKC/KEOPS|k147_3118135|+|42|3.475e-07|1|278|862|278[278]:862[862]:585[585]
3046125	113+153	0	2326	1	A8HK20|unreviewed|Hydrophobin|taxID:71150|k147_3694779|+|32|0.0003558|1|113|265|113[113]:265[265]:153[153]
2506299	607-600	0	4972	-1	A0A0C9VP92|unreviewed|4-nitrophenylphosphatase|taxID:990650|k147_762766|-|84|7.9e-20|1|8|607|607[607]:8[8]:600[600]
1746480	53+651	0	2355	1	A0A162IG95|unreviewed|EKC/KEOPS|k147_58987|+|53|1.697e-10|1|53|703|53[53]:703[703]:651[651]
857064	67+273	0	3999	1	A0A550BV36|unreviewed|Hydrophobin|taxID:97359|k147_3457194|+|31|0.0007116|1|67|339|67[67]:339[339]:273[273]
1647325	1312-168	0	2061	-1	A0A0C2Y2S1|unreviewed|Hydrophobin|taxID:686832|k147_1239418|-|35|4.447e-05|1|1145|1312|1312[1312]:1145[1145]:168[168]
1200486	31+570	0	2355	1	A0A162IG95|unreviewed|EKC/KEOPS|k147_998761|+|52|3.393e-10|1|31|600|31[31]:600[600]:570[570]
671839	6+1212	0	3906	1	A0A366Q855|unreviewed|Aldedh|k147_3827662|+|166|1.634e-44|1|6|1217|6[6]:1217[1217]:1212[1212]
1913981	449+615	0	2355	1	A0A162IG95|unreviewed|EKC/KEOPS|k147_795381|+|61|6.627e-13|1|449|1063|449[449]:1063[1063]:615[615]
1986066	199+630	0	2355	1	A0A162IG95|unreviewed|EKC/KEOPS|k147_2244509|+|60|1.325e-12|1|199|828|199[199]:828[828]:630[630]
1914918	1176-1176	0	3906	-1	A0A366Q855|unreviewed|Aldedh|k147_384364|-|179|1.994e-48|1|1|1176|1176[1176]:1[1]:1176[1176]
914091	6+546	0	572	1	A0A4R0RCR0|unreviewed|HDc|k147_1256298|+|66|2.071e-14|1|6|551|6[6]:551[551]:546[546]
2294438	1032-915	0	3906	-1	A0A366Q855|unreviewed|Aldedh|k147_2762631|-|166|1.634e-44|1|118|1032|1032[1032]:118[118]:915[915]
2745921	1616-162	0	4298	-1	A0A0W0EXC7|unreviewed|Hydrophobin|taxID:221103|k147_2887943|-|31|0.0007116|1|1455|1616|1616[1616]:1455[1455]:162[162]
767043	1427-144	0	4746	-1	A0A0D2A3Q2|unreviewed|Hydrophobin|taxID:253628|k147_1822957|-|33|0.0001779|1|1284|1427|1427[1427]:1284[1284]:144[144]
3343398	846-714	0	4972	-1	A0A0C9VP92|unreviewed|4-nitrophenylphosphatase|taxID:990650|k147_1329812|-|104|7.534e-26|1|133|846|846[846]:133[133]:714[714]
547909	186+1047	0	4336	1	A0A4T0FKI7|unreviewed|Arginine|k147_1763657|+|211|4.643e-58|1|186|1232|186[186]:1232[1232]:1047[1047]
2835228	410-189	0	5145	-1	A0A0D0CRL7|unreviewed|Hydrophobin|taxID:930991|k147_527931|-|32|0.0003558|1|222|410|410[410]:222[222]:189[189]
1830811	559-558	0	2355	-1	A0A162IG95|unreviewed|EKC/KEOPS|k147_515653|-|59|2.651e-12|1|2|559|559[559]:2[2]:558[558]
379340	1136-615	0	2355	-1	A0A162IG95|unreviewed|EKC/KEOPS|k147_2202292|-|48|5.429e-09|1|522|1136|1136[1136]:522[522]:615[615]
3479582	46+885	0	488	1	A0A420TTB3|unreviewed|Aldedh|k147_3400426|+|136|1.754e-35|1|46|930|46[46]:930[930]:885[885]
1517656	94+651	0	2355	1	A0A162IG95|unreviewed|EKC/KEOPS|k147_2403797|+|42|3.475e-07|1|94|744|94[94]:744[744]:651[651]
2221117	177+177	0	4421	1	A0A439DIC4|unreviewed|Hydrophobin|taxID:363999|k147_432258|+|32|0.0003558|1|177|353|177[177]:353[353]:177[177]
3074679	271-186	0	2680	-1	M2PI99|unreviewed|Hydrophobin|taxID:914234|k147_3358656|-|32|0.0003558|1|86|271|271[271]:86[86]:186[186]
2406511	1452-927	0	3906	-1	A0A366Q855|unreviewed|Aldedh|k147_2705506|-|122|2.874e-31|1|526|1452|1452[1452]:526[526]:927[927]
1749230	77+888	0	2355	1	A0A162IG95|unreviewed|EKC/KEOPS|k147_3702856|+|45|4.343e-08|1|77|964|77[77]:964[964]:888[888]
2475483	11+894	0	488	1	A0A420TTB3|unreviewed|Aldedh|k147_2860659|+|179|1.994e-48|1|11|904|11[11]:904[904]:894[894]
2384491	4+1143	0	3906	1	A0A366Q855|unreviewed|Aldedh|k147_638096|+|333|8.733e-95|1|4|1146|4[4]:1146[1146]:1143[1143]
2064362	69+198	0	738	1	A0A409Y855|unreviewed|Hydrophobin|taxID:231916|k147_2520958|+|31|0.0007116|1|69|266|69[69]:266[266]:198[198]
738840	1090-654	0	2355	-1	A0A162IG95|unreviewed|EKC/KEOPS|k147_3862999|-|55|4.241e-11|1|437|1090|1090[1090]:437[437]:654[654]
959988	841-183	0	5096	-1	A0A2A9PH53|unreviewed|Hydrophobin|taxID:268505|k147_986038|-|31|0.0007116|1|659|841|841[841]:659[659]:183[183]
1738361	356-240	0	1461	-1	A0A8H5XL93|unreviewed|Hydrophobin|taxID:48507|k147_1934690|-|31|0.0007116|1|117|356|356[356]:117[117]:240[240]
1187444	1098+615	0	2355	1	A0A162IG95|unreviewed|EKC/KEOPS|k147_640007|+|59|2.651e-12|1|1098|1712|1098[1098]:1712[1712]:615[615]
2537774	33+171	0	448	1	B0DP52|unreviewed|Hydrophobin|taxID:486041|k147_2952355|+|31|0.0007116|1|33|203|33[33]:203[203]:171[171]
1735207	1+615	0	2355	1	A0A162IG95|unreviewed|EKC/KEOPS|k147_1579937|+|57|1.06e-11|1|1|615|1[1]:615[615]:615[615]
362425	23+1005	0	4336	1	A0A4T0FKI7|unreviewed|Arginine|k147_3954619|+|218|3.628e-60|1|23|1027|23[23]:1027[1027]:1005[1005]
3183652	358+192	0	2679	1	K5W3Y9|unreviewed|Hydrophobin|taxID:597362|k147_4063558|+|33|0.0001779|1|358|549|358[358]:549[549]:192[192]
1112916	4210+1050	0	3906	1	A0A366Q855|unreviewed|Aldedh|k147_3771232|+|159|2.091e-42|1|4210|5259|4210[4210]:5259[5259]:1050[1050]
374794	514-165	0	3604	-1	A0A0C9UE37|unreviewed|Hydrophobin|taxID:990650|k147_2434232|-|32|0.0003558|1|350|514|514[514]:350[350]:165[165]
3219307	269-219	0	3305	-1	A0A4Q2D8E0|unreviewed|Hydrophobin|taxID:2316362|k147_381450|-|31|0.0007116|1|51|269|269[269]:51[51]:219[219]
914894	671-612	0	2355	-1	A0A162IG95|unreviewed|EKC/KEOPS|k147_492320|-|61|6.627e-13|1|60|671|671[671]:60[60]:612[612]
507744	291-165	0	3383	-1	A0A1B8AAU1|unreviewed|Cerato-ulmin|taxID:36050|k147_1330732|-|31|0.0007116|1|127|291|291[291]:127[127]:165[165]
127304	2+561	0	2355	1	A0A162IG95|unreviewed|EKC/KEOPS|k147_655958|+|56|2.121e-11|1|2|562|2[2]:562[562]:561[561]
712030	259+1215	0	4336	1	A0A4T0FKI7|unreviewed|Arginine|k147_2146823|+|250|8.446e-70|1|259|1473|259[259]:1473[1473]:1215[1215]
958410	2892-1494	0	5219	-1	A0A8H5LYN2|unreviewed|COesterase|k147_751764|-|75|4.045e-17|1|1399|2892|2892[2892]:1399[1399]:1494[1494]
1974541	6+900	0	4336	1	A0A4T0FKI7|unreviewed|Arginine|k147_2766726|+|171|5.105e-46|1|6|905|6[6]:905[905]:900[900]
3396886	649-624	0	2355	-1	A0A162IG95|unreviewed|EKC/KEOPS|k147_3062353|-|63|1.657e-13|1|26|649|649[649]:26[26]:624[624]
1611521	15+1257	0	3906	1	A0A366Q855|unreviewed|Aldedh|k147_573953|+|102|3.014e-25|1|15|1271|15[15]:1271[1271]:1257[1257]
2379769	17+1017	0	4336	1	A0A4T0FKI7|unreviewed|Arginine|k147_3395871|+|192|2.434e-52|1|17|1033|17[17]:1033[1033]:1017[1017]
416025	1632-213	0	3307	-1	A0A4Q9P5L8|unreviewed|Hydrophobin|taxID:114155|k147_2926357|-|35|4.447e-05|1|1420|1632|1632[1632]:1420[1420]:213[213]
1847464	246-192	0	1413	-1	A0A2P2HRD5|unreviewed|Hydrophobin|taxID:1392242|k147_2991799|-|33|0.0001779|1|55|246|246[246]:55[55]:192[192]
1810394	5+873	0	3906	1	A0A366Q855|unreviewed|Aldedh|k147_2443338|+|184|6.232e-50|1|5|877|5[5]:877[877]:873[873]
1116363	1471-216	0	2665	-1	A0A8J5NLW2|unreviewed|Hydrophobin|taxID:485398|k147_3303355|-|32|0.0003558|1|1256|1471|1471[1471]:1256[1256]:216[216]
2232387	17+207	0	3465	1	A0A2R6QEY6|unreviewed|Hydrophobin|taxID:98765|k147_3668751|+|31|0.0007116|1|17|223|17[17]:223[223]:207[207]
2808864	539-462	0	572	-1	A0A4R0RCR0|unreviewed|HDc|k147_337010|-|50|1.357e-09|1|78|539|539[539]:78[78]:462[462]
2211751	745-180	0	565	-1	A0A409VRL5|unreviewed|Hydrophobin|taxID:231916|k147_720836|-|32|0.0003558|1|566|745|745[745]:566[566]:180[180]
2428854	48+1056	0	3906	1	A0A366Q855|unreviewed|Aldedh|k147_3010966|+|158|4.182e-42|1|48|1103|48[48]:1103[1103]:1056[1056]
399057	1733-183	0	5014	-1	A0A4Q2DJ55|unreviewed|Hydrophobin|taxID:2316362|k147_920432|-|33|0.0001779|1|1551|1733|1733[1733]:1551[1551]:183[183]
247376	114+255	0	1674	1	A0A1G4BHL0|unreviewed|Fungal|k147_1366943|+|33|0.0001779|1|114|368|114[114]:368[368]:255[255]
1755402	733-606	0	2355	-1	A0A162IG95|unreviewed|EKC/KEOPS|k147_2178875|-|71|6.472e-16|1|128|733|733[733]:128[128]:606[606]
842883	766-765	0	644	-1	A0A0G4NNA7|unreviewed|MSC1|k147_1804996|-|32|0.0003558|1|2|766|766[766]:2[2]:765[765]
2202606	656-603	0	2355	-1	A0A162IG95|unreviewed|EKC/KEOPS|k147_3417894|-|66|2.071e-14|1|54|656|656[656]:54[54]:603[603]
2913140	2+1110	0	943	1	A0A8H5F0J4|unreviewed|Tubulin|k147_42555|+|317|5.723e-90|1|2|1111|2[2]:1111[1111]:1110[1110]
3097984	252+657	0	2355	1	A0A162IG95|unreviewed|EKC/KEOPS|k147_786433|+|41|6.949e-07|1|252|908|252[252]:908[908]:657[657]
3380043	2402-1350	0	3906	-1	A0A366Q855|unreviewed|Aldedh|k147_821452|-|205|2.972e-56|1|1053|2402|2402[2402]:1053[1053]:1350[1350]
3058246	1479+657	0	4972	1	A0A0C9VP92|unreviewed|4-nitrophenylphosphatase|taxID:990650|k147_706471|+|104|7.534e-26|1|1479|2135|1479[1479]:2135[2135]:657[657]
2375047	325-186	0	2680	-1	M2PI99|unreviewed|Hydrophobin|taxID:914234|k147_2511797|-|34|8.895e-05|1|140|325|325[325]:140[140]:186[186]
333608	211+603	0	2355	1	A0A162IG95|unreviewed|EKC/KEOPS|k147_3821922|+|68|5.178e-15|1|211|813|211[211]:813[813]:603[603]
2977812	1050-609	0	2355	-1	A0A162IG95|unreviewed|EKC/KEOPS|k147_2366882|-|59|2.651e-12|1|442|1050|1050[1050]:442[442]:609[609]
1825223	333-159	0	2556	-1	A0A8K0J0P6|unreviewed|Hydrophobin|taxID:83212|k147_1805091|-|31|0.0007116|1|175|333|333[333]:175[175]:159[159]
2936288	81+480	0	4972	1	A0A0C9VP92|unreviewed|4-nitrophenylphosphatase|taxID:990650|k147_3694379|+|70|1.294e-15|1|81|560|81[81]:560[560]:480[480]
3159510	429+255	0	132	1	A0A135URV2|unreviewed|Fungal|k147_3168799|+|32|0.0003558|1|429|683|429[429]:683[683]:255[255]
1667178	977-978	0	488	-1	A0A420TTB3|unreviewed|Aldedh|k147_3775767|-|138|4.386e-36|1|0|977|977[977]:0[0]:978[978]
1740470	3407-606	0	2355	-1	A0A162IG95|unreviewed|EKC/KEOPS|k147_1818216|-|58|5.302e-12|1|2802|3407|3407[3407]:2802[2802]:606[606]
1338981	829-717	0	4972	-1	A0A0C9VP92|unreviewed|4-nitrophenylphosphatase|taxID:990650|k147_3011721|-|93|1.543e-22|1|113|829|829[829]:113[113]:717[717]
1121204	1557+837	0	2355	1	A0A162IG95|unreviewed|EKC/KEOPS|k147_3658101|+|53|1.697e-10|1|1557|2393|1557[1557]:2393[2393]:837[837]
2257938	216+105	0	2299	1	A0A5M3MXU8|unreviewed|Hydrophobin|taxID:741705|k147_1392207|+|36|2.224e-05|1|216|320|216[216]:320[320]:105[105]
140503	283+660	0	2355	1	A0A162IG95|unreviewed|EKC/KEOPS|k147_252155|+|75|4.045e-17|1|283|942|283[283]:942[942]:660[660]
625996	152+1143	0	4336	1	A0A4T0FKI7|unreviewed|Arginine|k147_2686641|+|259|1.65e-72|1|152|1294|152[152]:1294[1294]:1143[1143]
778724	1003-999	0	3906	-1	A0A366Q855|unreviewed|Aldedh|k147_2064533|-|141|5.482e-37|1|5|1003|1003[1003]:5[5]:999[999]
2954015	381+948	0	3906	1	A0A366Q855|unreviewed|Aldedh|k147_1237890|+|82|3.16e-19|1|381|1328|381[381]:1328[1328]:948[948]
1417784	48+1350	0	3906	1	A0A366Q855|unreviewed|Aldedh|k147_2525540|+|262|2.062e-73|1|48|1397|48[48]:1397[1397]:1350[1350]
744687	199+615	0	2355	1	A0A162IG95|unreviewed|EKC/KEOPS|k147_1987490|+|59|2.651e-12|1|199|813|199[199]:813[813]:615[615]
2686814	3531-561	0	572	-1	A0A4R0RCR0|unreviewed|HDc|k147_1035877|-|87|9.875e-21|1|2971|3531|3531[3531]:2971[2971]:561[561]
1325243	448+171	0	2934	1	A0A165SAN1|unreviewed|Hydrophobin|taxID:1314782|k147_596295|+|34|8.895e-05|1|448|618|448[448]:618[618]:171[171]
2364886	623-219	0	2233	-1	A0A0C3DE28|unreviewed|Hydrophobin|taxID:1036808|k147_333146|-|31|0.0007116|1|405|623|623[623]:405[405]:219[219]
1420182	265+162	0	682	1	T5AKV1|unreviewed|Hydrophobin|k147_823355|+|39|2.78e-06|1|265|426|265[265]:426[426]:162[162]
1085406	1262-609	0	2355	-1	A0A162IG95|unreviewed|EKC/KEOPS|k147_407891|-|58|5.302e-12|1|654|1262|1262[1262]:654[654]:609[609]
3322693	806-210	0	5138	-1	A0A0C3E8V7|unreviewed|Hydrophobin|taxID:1036808|k147_1612547|-|31|0.0007116|1|597|806|806[806]:597[597]:210[210]
830712	20+1011	0	488	1	A0A420TTB3|unreviewed|Aldedh|k147_1915945|+|186|1.558e-50|1|20|1030|20[20]:1030[1030]:1011[1011]
1196992	161+615	0	2355	1	A0A162IG95|unreviewed|EKC/KEOPS|k147_1701581|+|64|8.284e-14|1|161|775|161[161]:775[775]:615[615]
446681	632+1164	0	4336	1	A0A4T0FKI7|unreviewed|Arginine|k147_651596|+|250|8.446e-70|1|632|1795|632[632]:1795[1795]:1164[1164]
1360858	1+1221	0	488	1	A0A420TTB3|unreviewed|Aldedh|k147_2554138|+|174|6.382e-47|1|1|1221|1[1]:1221[1221]:1221[1221]
590861	1190-1191	0	3906	-1	A0A366Q855|unreviewed|Aldedh|k147_2257294|-|233|1.107e-64|1|0|1190|1190[1190]:0[0]:1191[1191]
2716945	107+1404	0	3906	1	A0A366Q855|unreviewed|Aldedh|k147_698961|+|192|2.434e-52|1|107|1510|107[107]:1510[1510]:1404[1404]
3265574	15+687	0	4972	1	A0A0C9VP92|unreviewed|4-nitrophenylphosphatase|taxID:990650|k147_2052725|+|93|1.543e-22|1|15|701|15[15]:701[701]:687[687]
1883859	621+666	0	4972	1	A0A0C9VP92|unreviewed|4-nitrophenylphosphatase|taxID:990650|k147_2717522|+|117|9.197e-30|1|621|1286|621[621]:1286[1286]:666[666]
1728630	984-945	0	3906	-1	A0A366Q855|unreviewed|Aldedh|k147_2047847|-|107|9.418e-27|1|40|984|984[984]:40[40]:945[945]
1217417	273+1383	0	3906	1	A0A366Q855|unreviewed|Aldedh|k147_1360458|+|267|6.444e-75|1|273|1655|273[273]:1655[1655]:1383[1383]
2642726	1792-1476	0	3906	-1	A0A366Q855|unreviewed|Aldedh|k147_1011853|-|222|2.267e-61|1|317|1792|1792[1792]:317[317]:1476[1476]
2730958	38+1344	0	488	1	A0A420TTB3|unreviewed|Aldedh|k147_3820152|+|209|1.857e-57|1|38|1381|38[38]:1381[1381]:1344[1344]
2497173	248+636	0	2355	1	A0A162IG95|unreviewed|EKC/KEOPS|k147_3692933|+|62|3.314e-13|1|248|883|248[248]:883[883]:636[636]
2910658	36+567	0	2355	1	A0A162IG95|unreviewed|EKC/KEOPS|k147_3446482|+|64|8.284e-14|1|36|602|36[36]:602[602]:567[567]
45047	2+1158	0	3906	1	A0A366Q855|unreviewed|Aldedh|k147_4018476|+|351|3.331e-100|1|2|1159|2[2]:1159[1159]:1158[1158]
748954	214+612	0	2355	1	A0A162IG95|unreviewed|EKC/KEOPS|k147_3868219|+|61|6.627e-13|1|214|825|214[214]:825[825]:612[612]
672907	7+231	0	4841	1	A0A409XTU0|unreviewed|Hydrophobin|taxID:93625|k147_655931|+|31|0.0007116|1|7|237|7[7]:237[237]:231[231]
261311	682+633	0	2355	1	A0A162IG95|unreviewed|EKC/KEOPS|k147_24280|+|52|3.393e-10|1|682|1314|682[682]:1314[1314]:633[633]
3213584	138+615	0	2355	1	A0A162IG95|unreviewed|EKC/KEOPS|k147_2317771|+|62|3.314e-13|1|138|752|138[138]:752[752]:615[615]
1250772	1594-1272	0	2494	-1	A0A8J2N5C9|unreviewed|GMC_OxRdtase_N|k147_204223|-|105|3.767e-26|1|323|1594|1594[1594]:323[323]:1272[1272]
942391	1607-1185	0	3410	-1	A0A8H7B8Y1|unreviewed|Amino|k147_3502979|-|132|2.807e-34|1|423|1607|1607[1607]:423[423]:1185[1185]
552306	344+957	0	4336	1	A0A4T0FKI7|unreviewed|Arginine|k147_473483|+|216|1.451e-59|1|344|1300|344[344]:1300[1300]:957[957]
1302020	799-549	0	917	-1	A0A4T0GB80|unreviewed|Ditrans,polycis-polyprenyl|k147_877832|-|33|0.0001779|1|251|799|799[799]:251[251]:549[549]
1314930	346+1119	0	4336	1	A0A4T0FKI7|unreviewed|Arginine|k147_649046|+|206|1.486e-56|1|346|1464|346[346]:1464[1464]:1119[1119]
1617084	147+612	0	2355	1	A0A162IG95|unreviewed|EKC/KEOPS|k147_50187|+|55|4.241e-11|1|147|758|147[147]:758[758]:612[612]
945832	666-282	0	1210	-1	A0A0C9U6M0|unreviewed|Hydrophobin|taxID:990650|k147_1919091|-|33|0.0001779|1|385|666|666[666]:385[385]:282[282]
1403565	1710-1155	0	3906	-1	A0A366Q855|unreviewed|Aldedh|k147_3809383|-|162|2.614e-43|1|556|1710|1710[1710]:556[556]:1155[1155]
1336587	81+711	0	4972	1	A0A0C9VP92|unreviewed|4-nitrophenylphosphatase|taxID:990650|k147_3127914|+|109|2.354e-27|1|81|791|81[81]:791[791]:711[711]
2240740	924+1251	0	3410	1	A0A8H7B8Y1|unreviewed|Amino|k147_1793830|+|139|2.193e-36|1|924|2174|924[924]:2174[2174]:1251[1251]
2241019	1092+1389	0	3906	1	A0A366Q855|unreviewed|Aldedh|k147_619842|+|292|1.92e-82|1|1092|2480|1092[1092]:2480[2480]:1389[1389]
610291	1922-1419	0	3906	-1	A0A366Q855|unreviewed|Aldedh|k147_2326407|-|299|1.5e-84|1|504|1922|1922[1922]:504[504]:1419[1419]
1047637	1260-708	0	4972	-1	A0A0C9VP92|unreviewed|4-nitrophenylphosphatase|taxID:990650|k147_2151432|-|98|4.822e-24|1|553|1260|1260[1260]:553[553]:708[708]
2009800	1127-603	0	2355	-1	A0A162IG95|unreviewed|EKC/KEOPS|k147_2961873|-|75|4.045e-17|1|525|1127|1127[1127]:525[525]:603[603]
1789410	454-204	0	1562	-1	A0A0P1BSH3|unreviewed|Hydrophobin|taxID:401625|k147_3607112|-|34|8.895e-05|1|251|454|454[454]:251[251]:204[204]
3246003	721-618	0	4972	-1	A0A0C9VP92|unreviewed|4-nitrophenylphosphatase|taxID:990650|k147_1395490|-|70|1.294e-15|1|104|721|721[721]:104[104]:618[618]
1052988	583+192	0	5339	1	A0A2H3BQJ2|unreviewed|Hydrophobin|taxID:1076256|k147_273606|+|31|0.0007116|1|583|774|583[583]:774[774]:192[192]
529864	48+639	0	2355	1	A0A162IG95|unreviewed|EKC/KEOPS|k147_873488|+|44|8.686e-08|1|48|686|48[48]:686[686]:639[639]
3439876	53+270	0	92	1	A0A8H5M0V5|unreviewed|Hydrophobin|taxID:2823264|k147_2087236|+|31|0.0007116|1|53|322|53[53]:322[322]:270[270]
657390	10+237	0	2863	1	A0A084B4E0|unreviewed|Trihydrophobin|taxID:1280523|k147_3761328|+|34|8.895e-05|1|10|246|10[10]:246[246]:237[237]
18456	230+231	0	3314	1	A0A4Y7SH30|unreviewed|Hydrophobin|taxID:71717|k147_1478561|+|31|0.0007116|1|230|460|230[230]:460[460]:231[231]
2090385	2983-630	0	2355	-1	A0A162IG95|unreviewed|EKC/KEOPS|k147_1653901|-|60|1.325e-12|1|2354|2983|2983[2983]:2354[2354]:630[630]
3325586	83+1464	0	488	1	A0A420TTB3|unreviewed|Aldedh|k147_204973|+|227|7.085e-63|1|83|1546|83[83]:1546[1546]:1464[1464]
10106	249-123	0	76	-1	A0A5M3MCM6|unreviewed|Hydrophobin|taxID:741705|k147_475319|-|31|0.0007116|1|127|249|249[249]:127[127]:123[123]
2605918	3940-732	0	4972	-1	A0A0C9VP92|unreviewed|4-nitrophenylphosphatase|taxID:990650|k147_3282724|-|98|4.822e-24|1|3209|3940|3940[3940]:3209[3209]:732[732]
702038	622-603	0	2355	-1	A0A162IG95|unreviewed|EKC/KEOPS|k147_1435731|-|70|1.294e-15|1|20|622|622[622]:20[20]:603[603]
1037170	1233-1167	0	4336	-1	A0A4T0FKI7|unreviewed|Arginine|k147_1909549|-|247|6.757e-69|1|67|1233|1233[1233]:67[67]:1167[1167]
1561339	440+237	0	1674	1	A0A1G4BHL0|unreviewed|Fungal|k147_2955365|+|31|0.0007116|1|440|676|440[440]:676[676]:237[237]
2751933	41+723	0	2355	1	A0A162IG95|unreviewed|EKC/KEOPS|k147_2187056|+|44|8.686e-08|1|41|763|41[41]:763[763]:723[723]
3489080	132+171	0	3059	1	A0A6A7B6L2|unreviewed|Class|k147_703499|+|32|0.0003558|1|132|302|132[132]:302[302]:171[171]
1479142	892-873	0	3906	-1	A0A366Q855|unreviewed|Aldedh|k147_384719|-|133|1.403e-34|1|20|892|892[892]:20[20]:873[873]
987459	305+1434	0	3906	1	A0A366Q855|unreviewed|Aldedh|k147_3153|+|224|5.668e-62|1|305|1738|305[305]:1738[1738]:1434[1434]
1594825	628-186	0	2680	-1	M2PI99|unreviewed|Hydrophobin|taxID:914234|k147_1211539|-|33|0.0001779|1|443|628|628[628]:443[443]:186[186]
2227922	463+603	0	2355	1	A0A162IG95|unreviewed|EKC/KEOPS|k147_2374644|+|64|8.284e-14|1|463|1065|463[463]:1065[1065]:603[603]
3379081	2245-1383	0	3906	-1	A0A366Q855|unreviewed|Aldedh|k147_585681|-|295|2.401e-83|1|863|2245|2245[2245]:863[863]:1383[1383]
1774486	2+324	0	1429	1	A0A4S8MI00|unreviewed|Hydrophobin|taxID:1314807|k147_3246790|+|32|0.0003558|1|2|325|2[2]:325[325]:324[324]
3260366	103+612	0	2355	1	A0A162IG95|unreviewed|EKC/KEOPS|k147_345260|+|48|5.429e-09|1|103|714|103[103]:714[714]:612[612]
1831529	20+279	0	2615	1	A0A397GT93|unreviewed|Hydrophobin|taxID:41047|k147_164489|+|34|8.895e-05|1|20|298|20[20]:298[298]:279[279]
2640565	1150+1143	0	4336	1	A0A4T0FKI7|unreviewed|Arginine|k147_2067998|+|266|1.289e-74|1|1150|2292|1150[1150]:2292[2292]:1143[1143]
2929907	297+1407	0	488	1	A0A420TTB3|unreviewed|Aldedh|k147_2987087|+|229|1.771e-63|1|297|1703|297[297]:1703[1703]:1407[1407]
2976938	977-975	0	3906	-1	A0A366Q855|unreviewed|Aldedh|k147_1720177|-|194|6.086e-53|1|3|977|977[977]:3[3]:975[975]
1018334	120+705	0	2355	1	A0A162IG95|unreviewed|EKC/KEOPS|k147_1546949|+|44|8.686e-08|1|120|824|120[120]:824[824]:705[705]
1915445	1422+1011	0	3906	1	A0A366Q855|unreviewed|Aldedh|k147_3087443|+|153|1.338e-40|1|1422|2432|1422[1422]:2432[2432]:1011[1011]
728778	545-144	0	3399	-1	A0A5M9JPW3|unreviewed|Fungal|k147_1039219|-|32|0.0003558|1|402|545|545[545]:402[402]:144[144]
2198892	281+108	0	1136	1	E2LYH9|unreviewed|Hydrophobin|taxID:554373|k147_1712396|+|31|0.0007116|1|281|388|281[281]:388[388]:108[108]
3084097	148+120	0	1167	1	A0A2K0TV94|unreviewed|Fungal|k147_1014417|+|31|0.0007116|1|148|267|148[148]:267[267]:120[120]
2703247	67+744	0	2355	1	A0A162IG95|unreviewed|EKC/KEOPS|k147_2572113|+|45|4.343e-08|1|67|810|67[67]:810[810]:744[744]
1081087	1+630	0	2355	1	A0A162IG95|unreviewed|EKC/KEOPS|k147_3460327|+|62|3.314e-13|1|1|630|1[1]:630[630]:630[630]
822965	3754-273	0	5397	-1	A0A8I2YHX0|unreviewed|Hydrophobin|taxID:495285|k147_1088923|-|32|0.0003558|1|3482|3754|3754[3754]:3482[3482]:273[273]
517388	580-177	0	3019	-1	F8QFY3|unreviewed|Hydrophobin|taxID:936435|k147_2980892|-|31|0.0007116|1|404|580|580[580]:404[404]:177[177]
1076012	659-636	0	2355	-1	A0A162IG95|unreviewed|EKC/KEOPS|k147_110081|-|67|1.036e-14|1|24|659|659[659]:24[24]:636[636]
3231127	124+765	0	2355	1	A0A162IG95|unreviewed|EKC/KEOPS|k147_3971267|+|47|1.086e-08|1|124|888|124[124]:888[888]:765[765]
311379	1153+273	0	788	1	A8PA37|unreviewed|Hydrophobin|taxID:240176|k147_3808908|+|32|0.0003558|1|1153|1425|1153[1153]:1425[1425]:273[273]
226773	443-237	0	3856	-1	A0A8H6S2E3|unreviewed|Hydrophobin|taxID:2126181|k147_2354719|-|37|1.112e-05|1|207|443|443[443]:207[207]:237[237]
1871831	1787-672	0	4972	-1	A0A0C9VP92|unreviewed|4-nitrophenylphosphatase|taxID:990650|k147_3181094|-|109|2.354e-27|1|1116|1787|1787[1787]:1116[1116]:672[672]
3012416	1118-906	0	3906	-1	A0A366Q855|unreviewed|Aldedh|k147_505302|-|198|3.804e-54|1|213|1118|1118[1118]:213[213]:906[906]
1757829	84+255	0	690	1	A0A084GGR7|unreviewed|Hydrophobin|taxID:563466|k147_1709979|+|36|2.224e-05|1|84|338|84[84]:338[338]:255[255]
2078017	100+558	0	572	1	A0A4R0RCR0|unreviewed|HDc|k147_1177442|+|76|2.022e-17|1|100|657|100[100]:657[657]:558[558]
3337254	2308-1179	0	3410	-1	A0A8H7B8Y1|unreviewed|Amino|k147_3499788|-|59|2.651e-12|1|1130|2308|2308[2308]:1130[1130]:1179[1179]
908743	239+579	0	2355	1	A0A162IG95|unreviewed|EKC/KEOPS|k147_1605655|+|50|1.357e-09|1|239|817|239[239]:817[817]:579[579]
1680994	714-630	0	2355	-1	A0A162IG95|unreviewed|EKC/KEOPS|k147_2550282|-|51|6.786e-10|1|85|714|714[714]:85[85]:630[630]
3076280	104+1011	0	488	1	A0A420TTB3|unreviewed|Aldedh|k147_2361162|+|190|9.738e-52|1|104|1114|104[104]:1114[1114]:1011[1011]
1732400	30+1104	0	4336	1	A0A4T0FKI7|unreviewed|Arginine|k147_1343843|+|243|1.081e-67|1|30|1133|30[30]:1133[1133]:1104[1104]
2694255	239+159	0	4973	1	A0A0C9WVI6|unreviewed|Hydrophobin|taxID:1095629|k147_2507468|+|31|0.0007116|1|239|397|239[239]:397[397]:159[159]
501770	13+201	0	4232	1	A0A094DGE7|unreviewed|Uncharacterized|k147_3206849|+|31|0.0007116|1|13|213|13[13]:213[213]:201[201]
924059	409+603	0	2355	1	A0A162IG95|unreviewed|EKC/KEOPS|k147_3963137|+|61|6.627e-13|1|409|1011|409[409]:1011[1011]:603[603]
2507529	1119+600	0	2355	1	A0A162IG95|unreviewed|EKC/KEOPS|k147_2290494|+|47|1.086e-08|1|1119|1718|1119[1119]:1718[1718]:600[600]
1920574	1498-1404	0	3906	-1	A0A366Q855|unreviewed|Aldedh|k147_3266611|-|225|2.834e-62|1|95|1498|1498[1498]:95[95]:1404[1404]
2788139	582+120	0	3946	1	A0A0C9UH44|unreviewed|Hydrophobin|taxID:990650|k147_3263803|+|31|0.0007116|1|582|701|582[582]:701[701]:120[120]
2102752	3202+606	0	2355	1	A0A162IG95|unreviewed|EKC/KEOPS|k147_1543273|+|59|2.651e-12|1|3202|3807|3202[3202]:3807[3807]:606[606]
741821	457+210	0	4891	1	A8NNA1|unreviewed|Hydrophobin|taxID:240176|k147_4098257|+|33|0.0001779|1|457|666|457[457]:666[666]:210[210]
2500141	51+309	0	5050	1	A0A8H5USJ9|unreviewed|Hydrophobin|taxID:56676|k147_3108613|+|32|0.0003558|1|51|359|51[51]:359[359]:309[309]
2000775	1964-957	0	4336	-1	A0A4T0FKI7|unreviewed|Arginine|k147_20613|-|213|1.161e-58|1|1008|1964|1964[1964]:1008[1008]:957[957]
1960595	463+273	0	4847	1	A0A4S4LJE8|unreviewed|Hydrophobin|taxID:1095465|k147_938441|+|31|0.0007116|1|463|735|463[463]:735[735]:273[273]
1243952	20+900	0	3906	1	A0A366Q855|unreviewed|Aldedh|k147_3607234|+|60|1.325e-12|1|20|919|20[20]:919[919]:900[900]
2002548	186+1149	0	4336	1	A0A4T0FKI7|unreviewed|Arginine|k147_1430723|+|248|3.378e-69|1|186|1334|186[186]:1334[1334]:1149[1149]
214385	443+597	0	2355	1	A0A162IG95|unreviewed|EKC/KEOPS|k147_762653|+|47|1.086e-08|1|443|1039|443[443]:1039[1039]:597[597]
2759305	866-867	0	3906	-1	A0A366Q855|unreviewed|Aldedh|k147_4069897|-|143|1.37e-37|1|0|866|866[866]:0[0]:867[867]
2375848	148+660	0	2355	1	A0A162IG95|unreviewed|EKC/KEOPS|k147_1807839|+|54|8.483e-11|1|148|807|148[148]:807[807]:660[660]
1631610	345-201	0	457	-1	K5XG55|unreviewed|Hydrophobin|taxID:597362|k147_3404341|-|31|0.0007116|1|145|345|345[345]:145[145]:201[201]
3089346	721-156	0	4582	-1	A0A1P8YYG6|unreviewed|Class|k147_3483964|-|32|0.0003558|1|566|721|721[721]:566[566]:156[156]
608172	149+1164	0	4336	1	A0A4T0FKI7|unreviewed|Arginine|k147_2207827|+|254|5.279e-71|1|149|1312|149[149]:1312[1312]:1164[1164]
3151696	213+603	0	2355	1	A0A162IG95|unreviewed|EKC/KEOPS|k147_1814281|+|51|6.786e-10|1|213|815|213[213]:815[815]:603[603]
2988298	332-333	0	3999	-1	A0A550BV36|unreviewed|Hydrophobin|taxID:97359|k147_1079685|-|32|0.0003558|1|0|332|332[332]:0[0]:333[333]
1397813	1507-555	0	572	-1	A0A4R0RCR0|unreviewed|HDc|k147_1457768|-|80|1.264e-18|1|953|1507|1507[1507]:953[953]:555[555]
1335029	989-903	0	4336	-1	A0A4T0FKI7|unreviewed|Arginine|k147_1364996|-|138|4.386e-36|1|87|989|989[989]:87[87]:903[903]
746339	11+1191	0	4336	1	A0A4T0FKI7|unreviewed|Arginine|k147_2165838|+|233|1.107e-64|1|11|1201|11[11]:1201[1201]:1191[1191]
3451023	535+1251	0	3906	1	A0A366Q855|unreviewed|Aldedh|k147_3795695|+|222|2.267e-61|1|535|1785|535[535]:1785[1785]:1251[1251]
2568322	270-234	0	610	-1	A0A8H7C2H4|unreviewed|Hydrophobin|taxID:192524|k147_2088052|-|34|8.895e-05|1|37|270|270[270]:37[37]:234[234]
1221344	239-186	0	2680	-1	M2PI99|unreviewed|Hydrophobin|taxID:914234|k147_2655257|-|32|0.0003558|1|54|239|239[239]:54[54]:186[186]
628440	651-243	0	3253	-1	A0A067SYN5|unreviewed|Hydrophobin|taxID:685588|k147_3803460|-|31|0.0007116|1|409|651|651[651]:409[409]:243[243]
94304	9+984	0	4336	1	A0A4T0FKI7|unreviewed|Arginine|k147_2871126|+|226|1.417e-62|1|9|992|9[9]:992[992]:984[984]
1810448	452-270	0	2273	-1	A0A397GCR2|unreviewed|10|k147_2736657|-|64|8.284e-14|1|183|452|452[452]:183[183]:270[270]
559699	669-255	0	1674	-1	A0A1G4BHL0|unreviewed|Fungal|k147_2768717|-|33|0.0001779|1|415|669|669[669]:415[415]:255[255]
532803	2789+615	0	2355	1	A0A162IG95|unreviewed|EKC/KEOPS|k147_2753724|+|58|5.302e-12|1|2789|3403|2789[2789]:3403[3403]:615[615]
272119	253-171	0	4627	-1	A0A0C3E5D6|unreviewed|Hydrophobin|taxID:1036808|k147_558061|-|33|0.0001779|1|83|253|253[253]:83[83]:171[171]
414160	1481-1359	0	3906	-1	A0A366Q855|unreviewed|Aldedh|k147_869827|-|189|1.948e-51|1|123|1481|1481[1481]:123[123]:1359[1359]
344024	3435-1428	0	488	-1	A0A420TTB3|unreviewed|Aldedh|k147_3592900|-|257|6.599e-72|1|2008|3435|3435[3435]:2008[2008]:1428[1428]
720106	463-252	0	3950	-1	A0A0D0CFL8|unreviewed|Hydrophobin|taxID:944289|k147_917009|-|31|0.0007116|1|212|463|463[463]:212[212]:252[252]
2191597	9730-1191	0	4336	-1	A0A4T0FKI7|unreviewed|Arginine|k147_709988|-|235|2.768e-65|1|8540|9730|9730[9730]:8540[8540]:1191[1191]
1435207	101+168	0	89	1	A0A8H5FTF6|unreviewed|Hydrophobin|taxID:182062|k147_2065400|+|40|1.39e-06|1|101|268|101[101]:268[268]:168[168]
1272752	4152-1347	0	3906	-1	A0A366Q855|unreviewed|Aldedh|k147_4032829|-|245|2.703e-68|1|2806|4152|4152[4152]:2806[2806]:1347[1347]
1799240	758-693	0	2355	-1	A0A162IG95|unreviewed|EKC/KEOPS|k147_4081218|-|50|1.357e-09|1|66|758|758[758]:66[66]:693[693]
1298379	619-603	0	2355	-1	A0A162IG95|unreviewed|EKC/KEOPS|k147_2226990|-|44|8.686e-08|1|17|619|619[619]:17[17]:603[603]
3192929	2168+603	0	2355	1	A0A162IG95|unreviewed|EKC/KEOPS|k147_2659092|+|64|8.284e-14|1|2168|2770|2168[2168]:2770[2770]:603[603]
1685439	880-597	0	2355	-1	A0A162IG95|unreviewed|EKC/KEOPS|k147_144371|-|60|1.325e-12|1|284|880|880[880]:284[284]:597[597]
774792	1738-609	0	2355	-1	A0A162IG95|unreviewed|EKC/KEOPS|k147_1768257|-|65|4.142e-14|1|1130|1738|1738[1738]:1130[1130]:609[609]
2863896	2+960	0	4336	1	A0A4T0FKI7|unreviewed|Arginine|k147_2951672|+|184|6.232e-50|1|2|961|2[2]:961[961]:960[960]
191802	1411-231	0	3778	-1	A0A0D0ATG1|unreviewed|Hydrophobin|taxID:944289|k147_2746522|-|31|0.0007116|1|1181|1411|1411[1411]:1181[1181]:231[231]
3282708	86+201	0	2108	1	A0A4Q2CYE0|unreviewed|Hydrophobin|taxID:2316362|k147_122449|+|31|0.0007116|1|86|286|86[86]:286[286]:201[201]
1823591	1052-933	0	488	-1	A0A420TTB3|unreviewed|Aldedh|k147_2392122|-|114|7.358e-29|1|120|1052|1052[1052]:120[120]:933[933]
1252266	564-564	0	2355	-1	A0A162IG95|unreviewed|EKC/KEOPS|k147_1379336|-|63|1.657e-13|1|1|564|564[564]:1[1]:564[564]
1857127	7+1161	0	3906	1	A0A366Q855|unreviewed|Aldedh|k147_823573|+|239|1.73e-66|1|7|1167|7[7]:1167[1167]:1161[1161]
2172590	683-201	0	3600	-1	A0A0C3A6H8|unreviewed|Hydrophobin|taxID:1036808|k147_1463768|-|38|5.559e-06|1|483|683|683[683]:483[483]:201[201]
3421465	823-654	0	2355	-1	A0A162IG95|unreviewed|EKC/KEOPS|k147_960406|-|51|6.786e-10|1|170|823|823[823]:170[170]:654[654]
2902007	453+1386	0	3906	1	A0A366Q855|unreviewed|Aldedh|k147_1561946|+|243|1.081e-67|1|453|1838|453[453]:1838[1838]:1386[1386]
215601	383+255	0	1674	1	A0A1G4BHL0|unreviewed|Fungal|k147_939083|+|31|0.0007116|1|383|637|383[383]:637[637]:255[255]
897687	1484-603	0	2355	-1	A0A162IG95|unreviewed|EKC/KEOPS|k147_776949|-|63|1.657e-13|1|882|1484|1484[1484]:882[882]:603[603]
1576446	39+570	0	2355	1	A0A162IG95|unreviewed|EKC/KEOPS|k147_4078814|+|46|2.172e-08|1|39|608|39[39]:608[608]:570[570]
902151	47+153	0	3428	1	A0A0B4FF14|unreviewed|Hydrophobin|taxID:1276135|k147_1249751|+|32|0.0003558|1|47|199|47[47]:199[199]:153[153]
2099663	3067-600	0	2355	-1	A0A162IG95|unreviewed|EKC/KEOPS|k147_3950044|-|54|8.483e-11|1|2468|3067|3067[3067]:2468[2468]:600[600]
1486195	911-912	0	3906	-1	A0A366Q855|unreviewed|Aldedh|k147_3267766|-|151|5.353e-40|1|0|911|911[911]:0[0]:912[912]
2147263	321-270	0	2273	-1	A0A397GCR2|unreviewed|10|k147_2683247|-|65|4.142e-14|1|52|321|321[321]:52[52]:270[270]
528523	869-597	0	2355	-1	A0A162IG95|unreviewed|EKC/KEOPS|k147_2810571|-|66|2.071e-14|1|273|869|869[869]:273[273]:597[597]
2268564	2+198	0	432	1	A0A8H5H719|unreviewed|Hydrophobin|taxID:117010|k147_3922703|+|32|0.0003558|1|2|199|2[2]:199[199]:198[198]
3227221	665+603	0	2355	1	A0A162IG95|unreviewed|EKC/KEOPS|k147_3029664|+|49|2.715e-09|1|665|1267|665[665]:1267[1267]:603[603]
523067	755-240	0	432	-1	A0A8H5H719|unreviewed|Hydrophobin|taxID:117010|k147_1398424|-|31|0.0007116|1|516|755|755[755]:516[516]:240[240]
929286	153+1398	0	3906	1	A0A366Q855|unreviewed|Aldedh|k147_441696|+|196|1.522e-53|1|153|1550|153[153]:1550[1550]:1398[1398]
784250	166+1071	0	488	1	A0A420TTB3|unreviewed|Aldedh|k147_3065813|+|184|6.232e-50|1|166|1236|166[166]:1236[1236]:1071[1071]
3045937	445+1260	0	488	1	A0A420TTB3|unreviewed|Aldedh|k147_582684|+|196|1.522e-53|1|445|1704|445[445]:1704[1704]:1260[1260]
2952655	1+1122	0	4336	1	A0A4T0FKI7|unreviewed|Arginine|k147_2177202|+|253|1.056e-70|1|1|1122|1[1]:1122[1122]:1122[1122]
1984688	2+996	0	488	1	A0A420TTB3|unreviewed|Aldedh|k147_3653174|+|158|4.182e-42|1|2|997|2[2]:997[997]:996[996]
2573455	1403-1062	0	4336	-1	A0A4T0FKI7|unreviewed|Arginine|k147_1033557|-|232|2.214e-64|1|342|1403|1403[1403]:342[342]:1062[1062]
3151787	1018-594	0	2355	-1	A0A162IG95|unreviewed|EKC/KEOPS|k147_1814328|-|49|2.715e-09|1|425|1018|1018[1018]:425[425]:594[594]
3077682	415+666	0	4972	1	A0A0C9VP92|unreviewed|4-nitrophenylphosphatase|taxID:990650|k147_1187139|+|114|7.358e-29|1|415|1080|415[415]:1080[1080]:666[666]
95512	289+606	0	2355	1	A0A162IG95|unreviewed|EKC/KEOPS|k147_2225664|+|54|8.483e-11|1|289|894|289[289]:894[894]:606[606]
2058669	278-255	0	1674	-1	A0A1G4BHL0|unreviewed|Fungal|k147_2988026|-|33|0.0001779|1|24|278|278[278]:24[24]:255[255]
891459	628+612	0	2355	1	A0A162IG95|unreviewed|EKC/KEOPS|k147_1713524|+|61|6.627e-13|1|628|1239|628[628]:1239[1239]:612[612]
45284	19+1005	0	3906	1	A0A366Q855|unreviewed|Aldedh|k147_3901069|+|190|9.738e-52|1|19|1023|19[19]:1023[1023]:1005[1005]
3076351	775-207	0	215	-1	A0A2H3IXJ8|unreviewed|Hydrophobin|taxID:742152|k147_2948545|-|31|0.0007116|1|569|775|775[775]:569[569]:207[207]
1734376	346-192	0	23	-1	A0A0L6WTR9|unreviewed|Hydrophobin|taxID:1306850|k147_2579166|-|31|0.0007116|1|155|346|346[346]:155[155]:192[192]
3484373	183+603	0	2355	1	A0A162IG95|unreviewed|EKC/KEOPS|k147_290632|+|57|1.06e-11|1|183|785|183[183]:785[785]:603[603]
58304	1387-1107	0	3906	-1	A0A366Q855|unreviewed|Aldedh|k147_1206935|-|170|1.021e-45|1|281|1387|1387[1387]:281[281]:1107[1107]
1048066	293-282	0	1210	-1	A0A0C9U6M0|unreviewed|Hydrophobin|taxID:990650|k147_1974219|-|33|0.0001779|1|12|293|293[293]:12[12]:282[282]
3288273	888-618	0	2355	-1	A0A162IG95|unreviewed|EKC/KEOPS|k147_301281|-|53|1.697e-10|1|271|888|888[888]:271[271]:618[618]
820654	884-219	0	359	-1	A0A0D0BGC9|unreviewed|Hydrophobin|taxID:944289|k147_1616711|-|32|0.0003558|1|666|884|884[884]:666[666]:219[219]
872941	354+1032	0	3906	1	A0A366Q855|unreviewed|Aldedh|k147_1762344|+|102|3.014e-25|1|354|1385|354[354]:1385[1385]:1032[1032]
2226046	970-957	0	3906	-1	A0A366Q855|unreviewed|Aldedh|k147_2432183|-|172|2.553e-46|1|14|970|970[970]:14[14]:957[957]
1141475	247+177	0	1567	1	A0A166EAL3|unreviewed|Hydrophobin|taxID:1314672|k147_790638|+|34|8.895e-05|1|247|423|247[247]:423[423]:177[177]
2752390	811-528	0	572	-1	A0A4R0RCR0|unreviewed|HDc|k147_2539295|-|42|3.475e-07|1|284|811|811[811]:284[284]:528[528]
1855435	1534-1395	0	3906	-1	A0A366Q855|unreviewed|Aldedh|k147_1410086|-|416|9.03e-120|1|140|1534|1534[1534]:140[140]:1395[1395]
671726	1185-270	0	2273	-1	A0A397GCR2|unreviewed|10|k147_1477724|-|57|1.06e-11|1|916|1185|1185[1185]:916[916]:270[270]
911057	340+1380	0	3906	1	A0A366Q855|unreviewed|Aldedh|k147_902149|+|164|6.535e-44|1|340|1719|340[340]:1719[1719]:1380[1380]
2705813	773-699	0	4972	-1	A0A0C9VP92|unreviewed|4-nitrophenylphosphatase|taxID:990650|k147_3570850|-|102|3.014e-25|1|75|773|773[773]:75[75]:699[699]
854281	1238-1143	0	4336	-1	A0A4T0FKI7|unreviewed|Arginine|k147_3103824|-|239|1.73e-66|1|96|1238|1238[1238]:96[96]:1143[1143]
1485062	3399-1182	0	4776	-1	A0A8H5SF17|unreviewed|PA14|k147_1739133|-|39|2.78e-06|1|2218|3399|3399[3399]:2218[2218]:1182[1182]
1324327	1340-987	0	3906	-1	A0A366Q855|unreviewed|Aldedh|k147_654223|-|188|3.895e-51|1|354|1340|1340[1340]:354[354]:987[987]
1513289	247-201	0	5166	-1	A0A286UFM9|unreviewed|Hydrophobin|taxID:2282107|k147_403201|-|31|0.0007116|1|47|247|247[247]:47[47]:201[201]
1020566	572-570	0	2355	-1	A0A162IG95|unreviewed|EKC/KEOPS|k147_1372095|-|56|2.121e-11|1|3|572|572[572]:3[3]:570[570]
866550	100+204	0	4935	1	A0A4R8RJF6|unreviewed|Trihydrophobin|taxID:5466|k147_3462398|+|32|0.0003558|1|100|303|100[100]:303[303]:204[204]
2566229	85+933	0	4336	1	A0A4T0FKI7|unreviewed|Arginine|k147_1616438|+|214|5.804e-59|1|85|1017|85[85]:1017[1017]:933[933]
1355213	60+882	0	488	1	A0A420TTB3|unreviewed|Aldedh|k147_4077226|+|75|4.045e-17|1|60|941|60[60]:941[941]:882[882]
1445636	8636-1002	0	2355	-1	A0A162IG95|unreviewed|EKC/KEOPS|k147_2188801|-|45|4.343e-08|1|7635|8636|8636[8636]:7635[7635]:1002[1002]
1696325	439+1161	0	3410	1	A0A8H7B8Y1|unreviewed|Amino|k147_1500698|+|123|1.437e-31|1|439|1599|439[439]:1599[1599]:1161[1161]
2275387	70+255	0	3329	1	A0A8E2ASW1|unreviewed|Hydrophobin|taxID:1052685|k147_989242|+|31|0.0007116|1|70|324|70[70]:324[324]:255[255]
3118712	1358-684	0	2355	-1	A0A162IG95|unreviewed|EKC/KEOPS|k147_1620128|-|57|1.06e-11|1|675|1358|1358[1358]:675[675]:684[684]
3379321	17+462	0	1819	1	D8PVA0|unreviewed|Hydrophobin|taxID:578458|k147_2993829|+|35|4.447e-05|1|17|478|17[17]:478[478]:462[462]
221322	60+285	0	5205	1	A0A6A4H1J2|unreviewed|Hydrophobin|taxID:1447944|k147_2880372|+|31|0.0007116|1|60|344|60[60]:344[344]:285[285]
182192	349+153	0	1532	1	C9SK28|unreviewed|Hydrophobin|taxID:526221|k147_3974856|+|31|0.0007116|1|349|501|349[349]:501[501]:153[153]
3369644	63+678	0	2355	1	A0A162IG95|unreviewed|EKC/KEOPS|k147_1637550|+|56|2.121e-11|1|63|740|63[63]:740[740]:678[678]
238803	5+570	0	4972	1	A0A0C9VP92|unreviewed|4-nitrophenylphosphatase|taxID:990650|k147_950856|+|85|3.95e-20|1|5|574|5[5]:574[574]:570[570]
465926	1068-657	0	2355	-1	A0A162IG95|unreviewed|EKC/KEOPS|k147_3070614|-|57|1.06e-11|1|412|1068|1068[1068]:412[412]:657[657]
