Group,SampleID,richness,Depth,ROV,Core.type,Day,Habitat,Sampling,Samples,Samples.1,Samples.2,SampleIDnew,ROVDepth,Methane,Phosphate,Sulfide,Sulfate,Ammonium,d15N,d13CV,DIC,C13Methane,meanrichness
16S,D515ROV1LPC.0,815.2734869438095,0,ROV1,LPC,D515,mussel,porewater,515ROV01LPC-0, ROVO1-LPC-0 ,515ROV01LPC-0,D515ROV1LPC0,ROV10,19681.166666666668,0.53,0.44499999999999995,2114,25.833333333333332,21.2,-33.04,8.79,-65.09,1160.8972117091844
16S,D522ROV1PC202.0,2620.376058369298,0,ROV1,PC,D522,sea_anemone,fridge,515ROV01LPC-0, ROVO1-LPC-0 ,515ROV01LPC-0,D515ROV1LPC0,ROV10,19681.166666666668,0.53,0.44499999999999995,2114,25.833333333333332,21.2,-33.04,8.79,-65.09,1160.8972117091844
16S,D522ROV1PC205.0,1317.3094237000064,0,ROV1,PC,D522,thintubeworm,incubation,515ROV01LPC-0, ROVO1-LPC-0 ,515ROV01LPC-0,D515ROV1LPC0,ROV10,19681.166666666668,0.53,0.44499999999999995,2114,25.833333333333332,21.2,-33.04,8.79,-65.09,1160.8972117091844
16S,D522ROV1PC201.0,1964.262590869071,0,ROV1,PC,D522,sea_anemone,porewater,515ROV01LPC-0, ROVO1-LPC-0 ,515ROV01LPC-0,D515ROV1LPC0,ROV10,19681.166666666668,0.53,0.44499999999999995,2114,25.833333333333332,21.2,-33.04,8.79,-65.09,1160.8972117091844
16S,D522ROV1PC203.0,1629.058767962311,0,ROV1,PC,D522,thintubeworm_mat,porewater,515ROV01LPC-0, ROVO1-LPC-0 ,515ROV01LPC-0,D515ROV1LPC0,ROV10,19681.166666666668,0.53,0.44499999999999995,2114,25.833333333333332,21.2,-33.04,8.79,-65.09,1160.8972117091844
16S,D522ROV1LPC1.0,1095.9109317183247,0,ROV1,LPC,D522,thintubeworm,porewater,515ROV01LPC-0, ROVO1-LPC-0 ,515ROV01LPC-0,D515ROV1LPC0,ROV10,19681.166666666668,0.53,0.44499999999999995,2114,25.833333333333332,21.2,-33.04,8.79,-65.09,1160.8972117091844
16S,D522ROV1LPC2.0,817.3078304130449,0,ROV1,LPC,D522,thintubeworm,porewater,515ROV01LPC-0, ROVO1-LPC-0 ,515ROV01LPC-0,D515ROV1LPC0,ROV10,19681.166666666668,0.53,0.44499999999999995,2114,25.833333333333332,21.2,-33.04,8.79,-65.09,1160.8972117091844
16S,D515ROV1PC201.0,1471.4875567221106,0,ROV1,PC,D515,mussel,porewater,515ROV01LPC-0, ROVO1-LPC-0 ,515ROV01LPC-0,D515ROV1LPC0,ROV10,19681.166666666668,0.53,0.44499999999999995,2114,25.833333333333332,21.2,-33.04,8.79,-65.09,1160.8972117091844
16S,D522ROV1PC204.0,1539.838190372985,0,ROV1,PC,D522,thintubeworm,fridge,515ROV01LPC-0, ROVO1-LPC-0 ,515ROV01LPC-0,D515ROV1LPC0,ROV10,19681.166666666668,0.53,0.44499999999999995,2114,25.833333333333332,21.2,-33.04,8.79,-65.09,1160.8972117091844
16S,D519ROV2PC201.0,1377.9439013281694,0,ROV2,PC,D519,mussel,porewater,517ROV02PC203-0, ROVO2-LPC2-30 ,517ROV02LPC2-40,D517ROV2PC2030,ROV20,6071.7,0.294,0.28,2568,32.4,68.9,-35.03,10.8,-69.54,965.1439025366802
16S,D517ROV2LPC2.0,1054.1685817971852,0,ROV2,LPC,D517,mussel,porewater,517ROV02PC203-0, ROVO2-LPC2-30 ,517ROV02LPC2-40,D517ROV2PC2030,ROV20,6071.7,0.294,0.28,2568,32.4,68.9,-35.03,10.8,-69.54,965.1439025366802
16S,D523ROV2LPC2.0,1877.5199257052968,0,ROV2,LPC,D523,mussel,fridge,517ROV02PC203-0, ROVO2-LPC2-30 ,517ROV02LPC2-40,D517ROV2PC2030,ROV20,6071.7,0.294,0.28,2568,32.4,68.9,-35.03,10.8,-69.54,965.1439025366802
16S,D517ROV2LPC1.0,1112.8590488480556,0,ROV2,LPC,D517,mussel,porewater,517ROV02PC203-0, ROVO2-LPC2-30 ,517ROV02LPC2-40,D517ROV2PC2030,ROV20,6071.7,0.294,0.28,2568,32.4,68.9,-35.03,10.8,-69.54,965.1439025366802
16S,D517ROV2PC203.0,1146.3170546044537,0,ROV2,PC,D517,tubeworm,porewater,517ROV02PC203-0, ROVO2-LPC2-30 ,517ROV02LPC2-40,D517ROV2PC2030,ROV20,6071.7,0.294,0.28,2568,32.4,68.9,-35.03,10.8,-69.54,965.1439025366802
16S,D517ROV2PC201.0,1019.7355025895992,0,ROV2,PC,D517,mussel,porewater,517ROV02PC203-0, ROVO2-LPC2-30 ,517ROV02LPC2-40,D517ROV2PC2030,ROV20,6071.7,0.294,0.28,2568,32.4,68.9,-35.03,10.8,-69.54,965.1439025366802
16S,D523ROV2LPC3.0,2070.067173974799,0,ROV2,LPC,D523,mussel,fridge,517ROV02PC203-0, ROVO2-LPC2-30 ,517ROV02LPC2-40,D517ROV2PC2030,ROV20,6071.7,0.294,0.28,2568,32.4,68.9,-35.03,10.8,-69.54,965.1439025366802
16S,D517ROV2PC202.0,1308.4284399569465,0,ROV2,PC,D517,tubeworm,porewater,517ROV02PC203-0, ROVO2-LPC2-30 ,517ROV02LPC2-40,D517ROV2PC2030,ROV20,6071.7,0.294,0.28,2568,32.4,68.9,-35.03,10.8,-69.54,965.1439025366802
16S,D523ROV2LPC1.0,1862.0001774793027,0,ROV2,LPC,D523,mussel,fridge,517ROV02PC203-0, ROVO2-LPC2-30 ,517ROV02LPC2-40,D517ROV2PC2030,ROV20,6071.7,0.294,0.28,2568,32.4,68.9,-35.03,10.8,-69.54,965.1439025366802
16S,D519ROV3PC201.0,1366.7011616446277,0,ROV3,PC,D519,clam_mat,porewater,519ROV03-2PC201-0,,,D519ROV32PC2010,ROV30,4344.533333333334,0.319,3.67,2417,28.2,NA,NA,NA,NA,1438.7595334953053
16S,D519ROV3LPC1.0,1736.8714001985138,0,ROV3,LPC,D519,clam,porewater,519ROV03-2PC201-0,,,D519ROV32PC2010,ROV30,4344.533333333334,0.319,3.67,2417,28.2,NA,NA,NA,NA,1438.7595334953053
16S,D518ROV3LPC.0,329.9385999841889,0,ROV3,LPC,D518,clam,porewater,519ROV03-2PC201-0,,,D519ROV32PC2010,ROV30,4344.533333333334,0.319,3.67,2417,28.2,NA,NA,NA,NA,1438.7595334953053
16S,D519ROV3PC205.0,1589.0264723009532,0,ROV3,PC,D519,clam,porewater,519ROV03-2PC201-0,,,D519ROV32PC2010,ROV30,4344.533333333334,0.319,3.67,2417,28.2,NA,NA,NA,NA,1438.7595334953053
16S,D519ROV3PC204.0,1171.5854198400439,0,ROV3,PC,D519,clam,porewater,519ROV03-2PC201-0,,,D519ROV32PC2010,ROV30,4344.533333333334,0.319,3.67,2417,28.2,NA,NA,NA,NA,1438.7595334953053
16S,D518ROV3PC202.0,1082.348689927721,0,ROV3,PC,D518,clam,porewater,519ROV03-2PC201-0,,,D519ROV32PC2010,ROV30,4344.533333333334,0.319,3.67,2417,28.2,NA,NA,NA,NA,1438.7595334953053
16S,D519ROV3PC202.0,1327.1036222207542,0,ROV3,PC,D519,clam_mat,porewater,519ROV03-2PC201-0,,,D519ROV32PC2010,ROV30,4344.533333333334,0.319,3.67,2417,28.2,NA,NA,NA,NA,1438.7595334953053
16S,D518ROV3PC201.0,1410.0161568669498,0,ROV3,PC,D518,clam_mat,porewater,519ROV03-2PC201-0,,,D519ROV32PC2010,ROV30,4344.533333333334,0.319,3.67,2417,28.2,NA,NA,NA,NA,1438.7595334953053
16S,D519ROV3LPC2.0,2578.8128716389874,0,ROV3,LPC,D519,clam,porewater,519ROV03-2PC201-0,,,D519ROV32PC2010,ROV30,4344.533333333334,0.319,3.67,2417,28.2,NA,NA,NA,NA,1438.7595334953053
16S,D519ROV3PC203.0,1117.2166463331907,0,ROV3,PC,D519,clam,porewater,519ROV03-2PC201-0,,,D519ROV32PC2010,ROV30,4344.533333333334,0.319,3.67,2417,28.2,NA,NA,NA,NA,1438.7595334953053
16S,D517ROV5PC201.0,729.4928044576261,0,ROV5,PC,D517,control,fridge,517ROV05LPC-0,,,D517ROV5LPC0,ROV50,2361.8,0.192,0.06,2606,23.1,NA,NA,NA,NA,745.5619365297376
16S,D517ROV5LPC.0,1090.3180460952256,0,ROV5,LPC,D517,control,porewater,517ROV05LPC-0,,,D517ROV5LPC0,ROV50,2361.8,0.192,0.06,2606,23.1,NA,NA,NA,NA,745.5619365297376
16S,D522ROV1PC205.10,916.3598818113459,10,ROV1,PC,D522,thintubeworm,incubation,515ROV01LPC-10, ROVO1-LPC-10 ,515ROV01LPC-15,D515ROV1LPC10,ROV110,104699.03333333334,0.48233333333333334,146.475,315.3,27.6,1.3,-30.22,23.16,-77.39,1160.8972117091844
16S,D522ROV1PC203.10,1838.8071811677305,10,ROV1,PC,D522,thintubeworm_mat,porewater,515ROV01LPC-10, ROVO1-LPC-10 ,515ROV01LPC-15,D515ROV1LPC10,ROV110,104699.03333333334,0.48233333333333334,146.475,315.3,27.6,1.3,-30.22,23.16,-77.39,1160.8972117091844
16S,D522ROV1LPC2.10,1226.235029521792,10,ROV1,LPC,D522,thintubeworm,porewater,515ROV01LPC-10, ROVO1-LPC-10 ,515ROV01LPC-15,D515ROV1LPC10,ROV110,104699.03333333334,0.48233333333333334,146.475,315.3,27.6,1.3,-30.22,23.16,-77.39,1160.8972117091844
16S,D515ROV1PC201.10,867.0024309789934,10,ROV1,PC,D515,mussel,porewater,515ROV01LPC-10, ROVO1-LPC-10 ,515ROV01LPC-15,D515ROV1LPC10,ROV110,104699.03333333334,0.48233333333333334,146.475,315.3,27.6,1.3,-30.22,23.16,-77.39,1160.8972117091844
16S,D522ROV1PC202.10,2331.7703400349515,10,ROV1,PC,D522,sea_anemone,fridge,515ROV01LPC-10, ROVO1-LPC-10 ,515ROV01LPC-15,D515ROV1LPC10,ROV110,104699.03333333334,0.48233333333333334,146.475,315.3,27.6,1.3,-30.22,23.16,-77.39,1160.8972117091844
16S,D522ROV1PC204.10,1281.5578209271061,10,ROV1,PC,D522,thintubeworm,fridge,515ROV01LPC-10, ROVO1-LPC-10 ,515ROV01LPC-15,D515ROV1LPC10,ROV110,104699.03333333334,0.48233333333333334,146.475,315.3,27.6,1.3,-30.22,23.16,-77.39,1160.8972117091844
16S,D522ROV1PC201.10,1709.9055942237503,10,ROV1,PC,D522,sea_anemone,porewater,515ROV01LPC-10, ROVO1-LPC-10 ,515ROV01LPC-15,D515ROV1LPC10,ROV110,104699.03333333334,0.48233333333333334,146.475,315.3,27.6,1.3,-30.22,23.16,-77.39,1160.8972117091844
16S,D522ROV1LPC1.10,541.5060999604433,10,ROV1,LPC,D522,thintubeworm,porewater,515ROV01LPC-10, ROVO1-LPC-10 ,515ROV01LPC-15,D515ROV1LPC10,ROV110,104699.03333333334,0.48233333333333334,146.475,315.3,27.6,1.3,-30.22,23.16,-77.39,1160.8972117091844
16S,D515ROV1LPC.10,888.4958368314983,10,ROV1,LPC,D515,mussel,porewater,515ROV01LPC-10, ROVO1-LPC-10 ,515ROV01LPC-15,D515ROV1LPC10,ROV110,104699.03333333334,0.48233333333333334,146.475,315.3,27.6,1.3,-30.22,23.16,-77.39,1160.8972117091844
16S,D517ROV2LPC2.10,866.3168810938042,10,ROV2,LPC,D517,mussel,porewater,517ROV02PC203-10,ROV05-LPC-2,517ROV05LPC-2,D517ROV2PC20310,ROV210,11846.2,0.2115,0.034999999999999996,1401,35.7,9.2,-6.3149999999999995,3.495,-77.11,965.1439025366802
16S,D523ROV2LPC2.10,697.1981760535286,10,ROV2,LPC,D523,mussel,fridge,517ROV02PC203-10,ROV05-LPC-2,517ROV05LPC-2,D517ROV2PC20310,ROV210,11846.2,0.2115,0.034999999999999996,1401,35.7,9.2,-6.3149999999999995,3.495,-77.11,965.1439025366802
16S,D517ROV2PC203.10,574.1601282845834,10,ROV2,PC,D517,tubeworm,porewater,517ROV02PC203-10,ROV05-LPC-2,517ROV05LPC-2,D517ROV2PC20310,ROV210,11846.2,0.2115,0.034999999999999996,1401,35.7,9.2,-6.3149999999999995,3.495,-77.11,965.1439025366802
16S,D519ROV2PC201.10,216.69665783399236,10,ROV2,PC,D519,mussel,porewater,517ROV02PC203-10,ROV05-LPC-2,517ROV05LPC-2,D517ROV2PC20310,ROV210,11846.2,0.2115,0.034999999999999996,1401,35.7,9.2,-6.3149999999999995,3.495,-77.11,965.1439025366802
16S,D523ROV2LPC1.10,1494.8215813498068,10,ROV2,LPC,D523,mussel,fridge,517ROV02PC203-10,ROV05-LPC-2,517ROV05LPC-2,D517ROV2PC20310,ROV210,11846.2,0.2115,0.034999999999999996,1401,35.7,9.2,-6.3149999999999995,3.495,-77.11,965.1439025366802
16S,D517ROV2LPC1.10,1060.1426714893244,10,ROV2,LPC,D517,mussel,porewater,517ROV02PC203-10,ROV05-LPC-2,517ROV05LPC-2,D517ROV2PC20310,ROV210,11846.2,0.2115,0.034999999999999996,1401,35.7,9.2,-6.3149999999999995,3.495,-77.11,965.1439025366802
16S,D523ROV2LPC3.10,1125.3902769628132,10,ROV2,LPC,D523,mussel,fridge,517ROV02PC203-10,ROV05-LPC-2,517ROV05LPC-2,D517ROV2PC20310,ROV210,11846.2,0.2115,0.034999999999999996,1401,35.7,9.2,-6.3149999999999995,3.495,-77.11,965.1439025366802
16S,D518ROV3LPC.10,1130.7425998524266,10,ROV3,LPC,D518,clam,porewater,519ROV03-2PC201-10,,,D519ROV32PC20110,ROV310,8596.166666666666,0.3426666666666667,0.25666666666666665,2320.6666666666665,28.833333333333332,NA,NA,NA,NA,1438.7595334953053
16S,D519ROV3PC204.10,1729.8471607458396,10,ROV3,PC,D519,clam,porewater,519ROV03-2PC201-10,,,D519ROV32PC20110,ROV310,8596.166666666666,0.3426666666666667,0.25666666666666665,2320.6666666666665,28.833333333333332,NA,NA,NA,NA,1438.7595334953053
16S,D519ROV3LPC2.10,2682.2004799008664,10,ROV3,LPC,D519,clam,porewater,519ROV03-2PC201-10,,,D519ROV32PC20110,ROV310,8596.166666666666,0.3426666666666667,0.25666666666666665,2320.6666666666665,28.833333333333332,NA,NA,NA,NA,1438.7595334953053
16S,D519ROV3PC205.10,1419.2548439422706,10,ROV3,PC,D519,clam,porewater,519ROV03-2PC201-10,,,D519ROV32PC20110,ROV310,8596.166666666666,0.3426666666666667,0.25666666666666665,2320.6666666666665,28.833333333333332,NA,NA,NA,NA,1438.7595334953053
16S,D518ROV3PC201.10,665.0510379873118,10,ROV3,PC,D518,clam_mat,porewater,519ROV03-2PC201-10,,,D519ROV32PC20110,ROV310,8596.166666666666,0.3426666666666667,0.25666666666666665,2320.6666666666665,28.833333333333332,NA,NA,NA,NA,1438.7595334953053
16S,D519ROV3PC203.10,1273.6253892006237,10,ROV3,PC,D519,clam,porewater,519ROV03-2PC201-10,,,D519ROV32PC20110,ROV310,8596.166666666666,0.3426666666666667,0.25666666666666665,2320.6666666666665,28.833333333333332,NA,NA,NA,NA,1438.7595334953053
16S,D519ROV3PC201.10,1288.6878038071575,10,ROV3,PC,D519,clam_mat,porewater,519ROV03-2PC201-10,,,D519ROV32PC20110,ROV310,8596.166666666666,0.3426666666666667,0.25666666666666665,2320.6666666666665,28.833333333333332,NA,NA,NA,NA,1438.7595334953053
16S,D519ROV3LPC1.10,1670.3752318317866,10,ROV3,LPC,D519,clam,porewater,519ROV03-2PC201-10,,,D519ROV32PC20110,ROV310,8596.166666666666,0.3426666666666667,0.25666666666666665,2320.6666666666665,28.833333333333332,NA,NA,NA,NA,1438.7595334953053
16S,D517ROV5PC201.10,1548,10,ROV5,PC,D517,control,fridge,517ROV05LPC-10,,,D517ROV5LPC10,ROV510,2287.9,0.386,0.05,2568,24.1,NA,NA,NA,NA,745.5619365297376
16S,D517ROV5LPC.10,681.3665643104683,10,ROV5,LPC,D517,control,porewater,517ROV05LPC-10,,,D517ROV5LPC10,ROV510,2287.9,0.386,0.05,2568,24.1,NA,NA,NA,NA,745.5619365297376
16S,D522ROV1LPC2.15,747.446628597992,15,ROV1,LPC,D522,thintubeworm,porewater,515ROV01LPC-15, ROVO1-LPC-15 ,515ROV01LPC-20,D515ROV1LPC15,ROV115,104617.86666666667,0.30633333333333335,190.14000000000001,128.33333333333334,26.966666666666665,2.8,-28.06,24.88,-70.25,1160.8972117091844
16S,D522ROV1PC202.15,2010.5397427167104,15,ROV1,PC,D522,sea_anemone,fridge,515ROV01LPC-15, ROVO1-LPC-15 ,515ROV01LPC-20,D515ROV1LPC15,ROV115,104617.86666666667,0.30633333333333335,190.14000000000001,128.33333333333334,26.966666666666665,2.8,-28.06,24.88,-70.25,1160.8972117091844
16S,D522ROV1PC203.15,1317.7124584212709,15,ROV1,PC,D522,thintubeworm_mat,porewater,515ROV01LPC-15, ROVO1-LPC-15 ,515ROV01LPC-20,D515ROV1LPC15,ROV115,104617.86666666667,0.30633333333333335,190.14000000000001,128.33333333333334,26.966666666666665,2.8,-28.06,24.88,-70.25,1160.8972117091844
16S,D522ROV1PC204.15,1677.9691358149223,15,ROV1,PC,D522,thintubeworm,fridge,515ROV01LPC-15, ROVO1-LPC-15 ,515ROV01LPC-20,D515ROV1LPC15,ROV115,104617.86666666667,0.30633333333333335,190.14000000000001,128.33333333333334,26.966666666666665,2.8,-28.06,24.88,-70.25,1160.8972117091844
16S,D515ROV1LPC.15,403.9996290535074,15,ROV1,LPC,D515,mussel,porewater,515ROV01LPC-15, ROVO1-LPC-15 ,515ROV01LPC-20,D515ROV1LPC15,ROV115,104617.86666666667,0.30633333333333335,190.14000000000001,128.33333333333334,26.966666666666665,2.8,-28.06,24.88,-70.25,1160.8972117091844
16S,D522ROV1PC201.15,1908.176628477867,15,ROV1,PC,D522,sea_anemone,porewater,515ROV01LPC-15, ROVO1-LPC-15 ,515ROV01LPC-20,D515ROV1LPC15,ROV115,104617.86666666667,0.30633333333333335,190.14000000000001,128.33333333333334,26.966666666666665,2.8,-28.06,24.88,-70.25,1160.8972117091844
16S,D522ROV1LPC1.15,504.4310069607452,15,ROV1,LPC,D522,thintubeworm,porewater,515ROV01LPC-15, ROVO1-LPC-15 ,515ROV01LPC-20,D515ROV1LPC15,ROV115,104617.86666666667,0.30633333333333335,190.14000000000001,128.33333333333334,26.966666666666665,2.8,-28.06,24.88,-70.25,1160.8972117091844
16S,D515ROV1PC201.15,669.3914503049789,15,ROV1,PC,D515,mussel,porewater,515ROV01LPC-15, ROVO1-LPC-15 ,515ROV01LPC-20,D515ROV1LPC15,ROV115,104617.86666666667,0.30633333333333335,190.14000000000001,128.33333333333334,26.966666666666665,2.8,-28.06,24.88,-70.25,1160.8972117091844
16S,D522ROV1PC205.15,415.1376944297116,15,ROV1,PC,D522,thintubeworm,incubation,515ROV01LPC-15, ROVO1-LPC-15 ,515ROV01LPC-20,D515ROV1LPC15,ROV115,104617.86666666667,0.30633333333333335,190.14000000000001,128.33333333333334,26.966666666666665,2.8,-28.06,24.88,-70.25,1160.8972117091844
16S,D523ROV2LPC3.15,889.1913658752578,15,ROV2,LPC,D523,mussel,fridge,517ROV02PC203-15,ROV05-LPC-4,517ROV05LPC-4,D517ROV2PC20315,ROV215,131458.3,0.267,161.61,157,35.8,2.85,-6.68,3.27,-77.285,965.1439025366802
16S,D523ROV2LPC2.15,998.533606195797,15,ROV2,LPC,D523,mussel,fridge,517ROV02PC203-15,ROV05-LPC-4,517ROV05LPC-4,D517ROV2PC20315,ROV215,131458.3,0.267,161.61,157,35.8,2.85,-6.68,3.27,-77.285,965.1439025366802
16S,D517ROV2LPC1.15,869.6461713849097,15,ROV2,LPC,D517,mussel,porewater,517ROV02PC203-15,ROV05-LPC-4,517ROV05LPC-4,D517ROV2PC20315,ROV215,131458.3,0.267,161.61,157,35.8,2.85,-6.68,3.27,-77.285,965.1439025366802
16S,D523ROV2LPC1.15,885.9941401827903,15,ROV2,LPC,D523,mussel,fridge,517ROV02PC203-15,ROV05-LPC-4,517ROV05LPC-4,D517ROV2PC20315,ROV215,131458.3,0.267,161.61,157,35.8,2.85,-6.68,3.27,-77.285,965.1439025366802
16S,D517ROV2PC203.15,796.3999967691151,15,ROV2,PC,D517,tubeworm,porewater,517ROV02PC203-15,ROV05-LPC-4,517ROV05LPC-4,D517ROV2PC20315,ROV215,131458.3,0.267,161.61,157,35.8,2.85,-6.68,3.27,-77.285,965.1439025366802
16S,D517ROV2LPC2.15,869.0139779584412,15,ROV2,LPC,D517,mussel,porewater,517ROV02PC203-15,ROV05-LPC-4,517ROV05LPC-4,D517ROV2PC20315,ROV215,131458.3,0.267,161.61,157,35.8,2.85,-6.68,3.27,-77.285,965.1439025366802
16S,D519ROV2PC201.15,600.4398954953749,15,ROV2,PC,D519,mussel,porewater,517ROV02PC203-15,ROV05-LPC-4,517ROV05LPC-4,D517ROV2PC20315,ROV215,131458.3,0.267,161.61,157,35.8,2.85,-6.68,3.27,-77.285,965.1439025366802
16S,D519ROV3LPC2.15,2130.040800268097,15,ROV3,LPC,D519,clam,porewater,519ROV03-2PC201-15,,,D519ROV32PC20115,ROV315,11142.266666666666,0.4956666666666667,0.023333333333333334,2250.3333333333335,27.333333333333332,NA,NA,NA,NA,1438.7595334953053
16S,D518ROV3LPC.15,1058.4992498633683,15,ROV3,LPC,D518,clam,porewater,519ROV03-2PC201-15,,,D519ROV32PC20115,ROV315,11142.266666666666,0.4956666666666667,0.023333333333333334,2250.3333333333335,27.333333333333332,NA,NA,NA,NA,1438.7595334953053
16S,D519ROV3PC205.15,1352.4536432625102,15,ROV3,PC,D519,clam,porewater,519ROV03-2PC201-15,,,D519ROV32PC20115,ROV315,11142.266666666666,0.4956666666666667,0.023333333333333334,2250.3333333333335,27.333333333333332,NA,NA,NA,NA,1438.7595334953053
16S,D519ROV3PC203.15,1400.6418366843502,15,ROV3,PC,D519,clam,porewater,519ROV03-2PC201-15,,,D519ROV32PC20115,ROV315,11142.266666666666,0.4956666666666667,0.023333333333333334,2250.3333333333335,27.333333333333332,NA,NA,NA,NA,1438.7595334953053
16S,D519ROV3LPC1.15,1494.646929376949,15,ROV3,LPC,D519,clam,porewater,519ROV03-2PC201-15,,,D519ROV32PC20115,ROV315,11142.266666666666,0.4956666666666667,0.023333333333333334,2250.3333333333335,27.333333333333332,NA,NA,NA,NA,1438.7595334953053
16S,D519ROV3PC204.15,1866.9549311488545,15,ROV3,PC,D519,clam,porewater,519ROV03-2PC201-15,,,D519ROV32PC20115,ROV315,11142.266666666666,0.4956666666666667,0.023333333333333334,2250.3333333333335,27.333333333333332,NA,NA,NA,NA,1438.7595334953053
16S,D517ROV5PC201.15,388.94191202801153,15,ROV5,PC,D517,control,fridge,517ROV05LPC-15,,,D517ROV5LPC15,ROV515,2413.9,0.313,0.04,2605,27.2,NA,NA,NA,NA,745.5619365297376
16S,D517ROV5LPC.15,986.6383342742056,15,ROV5,LPC,D517,control,porewater,517ROV05LPC-15,,,D517ROV5LPC15,ROV515,2413.9,0.313,0.04,2605,27.2,NA,NA,NA,NA,745.5619365297376
16S,D515ROV1PC201.20,937.828590116421,20,ROV1,PC,D515,mussel,porewater,515ROV01LPC-20, ROVO1-LPC-20 ,515ROV01LPC-30,D515ROV1LPC20,ROV120,126015.16666666667,0.32633333333333336,163.685,53.4,28.266666666666666,-1.2,-29.2,23.94,-68.5,1160.8972117091844
16S,D522ROV1PC202.20,1635.6687454595208,20,ROV1,PC,D522,sea_anemone,fridge,515ROV01LPC-20, ROVO1-LPC-20 ,515ROV01LPC-30,D515ROV1LPC20,ROV120,126015.16666666667,0.32633333333333336,163.685,53.4,28.266666666666666,-1.2,-29.2,23.94,-68.5,1160.8972117091844
16S,D522ROV1PC205.20,291.00515954057516,20,ROV1,PC,D522,thintubeworm,incubation,515ROV01LPC-20, ROVO1-LPC-20 ,515ROV01LPC-30,D515ROV1LPC20,ROV120,126015.16666666667,0.32633333333333336,163.685,53.4,28.266666666666666,-1.2,-29.2,23.94,-68.5,1160.8972117091844
16S,D522ROV1LPC1.20,348.3683704282413,20,ROV1,LPC,D522,thintubeworm,porewater,515ROV01LPC-20, ROVO1-LPC-20 ,515ROV01LPC-30,D515ROV1LPC20,ROV120,126015.16666666667,0.32633333333333336,163.685,53.4,28.266666666666666,-1.2,-29.2,23.94,-68.5,1160.8972117091844
16S,D522ROV1PC203.20,1261.6099059981204,20,ROV1,PC,D522,thintubeworm_mat,porewater,515ROV01LPC-20, ROVO1-LPC-20 ,515ROV01LPC-30,D515ROV1LPC20,ROV120,126015.16666666667,0.32633333333333336,163.685,53.4,28.266666666666666,-1.2,-29.2,23.94,-68.5,1160.8972117091844
16S,D522ROV1PC201.20,1693.9233243122399,20,ROV1,PC,D522,sea_anemone,porewater,515ROV01LPC-20, ROVO1-LPC-20 ,515ROV01LPC-30,D515ROV1LPC20,ROV120,126015.16666666667,0.32633333333333336,163.685,53.4,28.266666666666666,-1.2,-29.2,23.94,-68.5,1160.8972117091844
16S,D522ROV1PC204.20,1467.2243164347317,20,ROV1,PC,D522,thintubeworm,fridge,515ROV01LPC-20, ROVO1-LPC-20 ,515ROV01LPC-30,D515ROV1LPC20,ROV120,126015.16666666667,0.32633333333333336,163.685,53.4,28.266666666666666,-1.2,-29.2,23.94,-68.5,1160.8972117091844
16S,D522ROV1LPC2.20,396.4159441530619,20,ROV1,LPC,D522,thintubeworm,porewater,515ROV01LPC-20, ROVO1-LPC-20 ,515ROV01LPC-30,D515ROV1LPC20,ROV120,126015.16666666667,0.32633333333333336,163.685,53.4,28.266666666666666,-1.2,-29.2,23.94,-68.5,1160.8972117091844
16S,D515ROV1LPC.20,577.5149423381173,20,ROV1,LPC,D515,mussel,porewater,515ROV01LPC-20, ROVO1-LPC-20 ,515ROV01LPC-30,D515ROV1LPC20,ROV120,126015.16666666667,0.32633333333333336,163.685,53.4,28.266666666666666,-1.2,-29.2,23.94,-68.5,1160.8972117091844
16S,D523ROV2LPC1.20,1168.77330562081,20,ROV2,LPC,D523,mussel,fridge,517ROV02PC203-20,ROV05-LPC-6,517ROV05LPC-6,D517ROV2PC20320,ROV220,159648.05,0.28600000000000003,176.96,44.35,29.2,34.349999999999994,-6.285,3.3200000000000003,-76.1,965.1439025366802
16S,D517ROV2LPC2.20,642.626758255125,20,ROV2,LPC,D517,mussel,porewater,517ROV02PC203-20,ROV05-LPC-6,517ROV05LPC-6,D517ROV2PC20320,ROV220,159648.05,0.28600000000000003,176.96,44.35,29.2,34.349999999999994,-6.285,3.3200000000000003,-76.1,965.1439025366802
16S,D517ROV2LPC1.20,724.173108362033,20,ROV2,LPC,D517,mussel,porewater,517ROV02PC203-20,ROV05-LPC-6,517ROV05LPC-6,D517ROV2PC20320,ROV220,159648.05,0.28600000000000003,176.96,44.35,29.2,34.349999999999994,-6.285,3.3200000000000003,-76.1,965.1439025366802
16S,D517ROV2PC203.20,664.6121227028759,20,ROV2,PC,D517,tubeworm,porewater,517ROV02PC203-20,ROV05-LPC-6,517ROV05LPC-6,D517ROV2PC20320,ROV220,159648.05,0.28600000000000003,176.96,44.35,29.2,34.349999999999994,-6.285,3.3200000000000003,-76.1,965.1439025366802
16S,D523ROV2LPC2.20,1092.999740108172,20,ROV2,LPC,D523,mussel,fridge,517ROV02PC203-20,ROV05-LPC-6,517ROV05LPC-6,D517ROV2PC20320,ROV220,159648.05,0.28600000000000003,176.96,44.35,29.2,34.349999999999994,-6.285,3.3200000000000003,-76.1,965.1439025366802
16S,D523ROV2LPC3.20,790.5734578686531,20,ROV2,LPC,D523,mussel,fridge,517ROV02PC203-20,ROV05-LPC-6,517ROV05LPC-6,D517ROV2PC20320,ROV220,159648.05,0.28600000000000003,176.96,44.35,29.2,34.349999999999994,-6.285,3.3200000000000003,-76.1,965.1439025366802
16S,D519ROV2PC201.20,1314.0124660090066,20,ROV2,PC,D519,mussel,porewater,517ROV02PC203-20,ROV05-LPC-6,517ROV05LPC-6,D517ROV2PC20320,ROV220,159648.05,0.28600000000000003,176.96,44.35,29.2,34.349999999999994,-6.285,3.3200000000000003,-76.1,965.1439025366802
16S,D519ROV3PC203.20,1251.0429797192096,20,ROV3,PC,D519,clam,porewater,519ROV03-2PC203-20,,,D519ROV32PC20320,ROV320,3024.7,0.18,0.02,2285.5,33.7,NA,NA,NA,NA,1438.7595334953053
16S,D518ROV3LPC.20,1109.4619617047806,20,ROV3,LPC,D518,clam,porewater,519ROV03-2PC203-20,,,D519ROV32PC20320,ROV320,3024.7,0.18,0.02,2285.5,33.7,NA,NA,NA,NA,1438.7595334953053
16S,D519ROV3LPC1.20,1421.869369389233,20,ROV3,LPC,D519,clam,porewater,519ROV03-2PC203-20,,,D519ROV32PC20320,ROV320,3024.7,0.18,0.02,2285.5,33.7,NA,NA,NA,NA,1438.7595334953053
16S,D519ROV3LPC2.20,2361.4862991626487,20,ROV3,LPC,D519,clam,porewater,519ROV03-2PC203-20,,,D519ROV32PC20320,ROV320,3024.7,0.18,0.02,2285.5,33.7,NA,NA,NA,NA,1438.7595334953053
16S,D519ROV3PC204.20,1379.8842055777243,20,ROV3,PC,D519,clam,porewater,519ROV03-2PC203-20,,,D519ROV32PC20320,ROV320,3024.7,0.18,0.02,2285.5,33.7,NA,NA,NA,NA,1438.7595334953053
16S,D517ROV5LPC.20,577.7255611433284,20,ROV5,LPC,D517,control,porewater,517ROV05LPC-20,,,D517ROV5LPC20,ROV520,2107.2,0.441,0.29,2606,33,NA,NA,NA,NA,745.5619365297376
16S,D517ROV5PC201.20,548.9946516584125,20,ROV5,PC,D517,control,fridge,517ROV05LPC-20,,,D517ROV5LPC20,ROV520,2107.2,0.441,0.29,2606,33,NA,NA,NA,NA,745.5619365297376
16S,D522ROV1LPC2.25,527.6199003179224,25,ROV1,LPC,D522,thintubeworm,porewater,515ROV01LPC-25, ROVO1-LPC-30 ,515ROV01LPC-40,D515ROV1LPC25,ROV125,210591.46666666667,0.19933333333333333,202.02499999999998,35.61333333333333,29.133333333333333,-0.6,-28.08,24.07,-67.29,1160.8972117091844
16S,D522ROV1PC203.25,1021.4649855072253,25,ROV1,PC,D522,thintubeworm_mat,porewater,515ROV01LPC-25, ROVO1-LPC-30 ,515ROV01LPC-40,D515ROV1LPC25,ROV125,210591.46666666667,0.19933333333333333,202.02499999999998,35.61333333333333,29.133333333333333,-0.6,-28.08,24.07,-67.29,1160.8972117091844
16S,D522ROV1PC201.25,2626.324292076394,25,ROV1,PC,D522,sea_anemone,porewater,515ROV01LPC-25, ROVO1-LPC-30 ,515ROV01LPC-40,D515ROV1LPC25,ROV125,210591.46666666667,0.19933333333333333,202.02499999999998,35.61333333333333,29.133333333333333,-0.6,-28.08,24.07,-67.29,1160.8972117091844
16S,D515ROV1LPC.25,455.598922457788,25,ROV1,LPC,D515,mussel,porewater,515ROV01LPC-25, ROVO1-LPC-30 ,515ROV01LPC-40,D515ROV1LPC25,ROV125,210591.46666666667,0.19933333333333333,202.02499999999998,35.61333333333333,29.133333333333333,-0.6,-28.08,24.07,-67.29,1160.8972117091844
16S,D522ROV1PC202.25,1660.3831532614186,25,ROV1,PC,D522,sea_anemone,fridge,515ROV01LPC-25, ROVO1-LPC-30 ,515ROV01LPC-40,D515ROV1LPC25,ROV125,210591.46666666667,0.19933333333333333,202.02499999999998,35.61333333333333,29.133333333333333,-0.6,-28.08,24.07,-67.29,1160.8972117091844
16S,D515ROV1PC201.25,836.2392815298524,25,ROV1,PC,D515,mussel,porewater,515ROV01LPC-25, ROVO1-LPC-30 ,515ROV01LPC-40,D515ROV1LPC25,ROV125,210591.46666666667,0.19933333333333333,202.02499999999998,35.61333333333333,29.133333333333333,-0.6,-28.08,24.07,-67.29,1160.8972117091844
16S,D522ROV1PC205.25,542.8805619266683,25,ROV1,PC,D522,thintubeworm,incubation,515ROV01LPC-25, ROVO1-LPC-30 ,515ROV01LPC-40,D515ROV1LPC25,ROV125,210591.46666666667,0.19933333333333333,202.02499999999998,35.61333333333333,29.133333333333333,-0.6,-28.08,24.07,-67.29,1160.8972117091844
16S,D522ROV1LPC1.25,439.77792493280174,25,ROV1,LPC,D522,thintubeworm,porewater,515ROV01LPC-25, ROVO1-LPC-30 ,515ROV01LPC-40,D515ROV1LPC25,ROV125,210591.46666666667,0.19933333333333333,202.02499999999998,35.61333333333333,29.133333333333333,-0.6,-28.08,24.07,-67.29,1160.8972117091844
16S,D522ROV1PC204.25,1433.7985807443058,25,ROV1,PC,D522,thintubeworm,fridge,515ROV01LPC-25, ROVO1-LPC-30 ,515ROV01LPC-40,D515ROV1LPC25,ROV125,210591.46666666667,0.19933333333333333,202.02499999999998,35.61333333333333,29.133333333333333,-0.6,-28.08,24.07,-67.29,1160.8972117091844
16S,D517ROV2LPC2.25,726.0822814604302,25,ROV2,LPC,D517,mussel,porewater,517ROV02PC203-25,ROV05-LPC-8,517ROV05LPC-8,D517ROV2PC20325,ROV225,164652.35,0.2425,NA,245,29.1,5.45,-7.765,3.215,-76.21000000000001,965.1439025366802
16S,D517ROV2PC203.25,707.3906694469665,25,ROV2,PC,D517,tubeworm,porewater,517ROV02PC203-25,ROV05-LPC-8,517ROV05LPC-8,D517ROV2PC20325,ROV225,164652.35,0.2425,NA,245,29.1,5.45,-7.765,3.215,-76.21000000000001,965.1439025366802
16S,D523ROV2LPC3.25,1142.4849239443522,25,ROV2,LPC,D523,mussel,fridge,517ROV02PC203-25,ROV05-LPC-8,517ROV05LPC-8,D517ROV2PC20325,ROV225,164652.35,0.2425,NA,245,29.1,5.45,-7.765,3.215,-76.21000000000001,965.1439025366802
16S,D523ROV2LPC1.25,1046.4494181717973,25,ROV2,LPC,D523,mussel,fridge,517ROV02PC203-25,ROV05-LPC-8,517ROV05LPC-8,D517ROV2PC20325,ROV225,164652.35,0.2425,NA,245,29.1,5.45,-7.765,3.215,-76.21000000000001,965.1439025366802
16S,D523ROV2LPC2.25,941.2891318520215,25,ROV2,LPC,D523,mussel,fridge,517ROV02PC203-25,ROV05-LPC-8,517ROV05LPC-8,D517ROV2PC20325,ROV225,164652.35,0.2425,NA,245,29.1,5.45,-7.765,3.215,-76.21000000000001,965.1439025366802
16S,D517ROV2LPC1.25,629.9978306877139,25,ROV2,LPC,D517,mussel,porewater,517ROV02PC203-25,ROV05-LPC-8,517ROV05LPC-8,D517ROV2PC20325,ROV225,164652.35,0.2425,NA,245,29.1,5.45,-7.765,3.215,-76.21000000000001,965.1439025366802
16S,D519ROV3PC204.25,1257.0927053528656,25,ROV3,PC,D519,clam,porewater,519ROV03-2PC203-25,,,D519ROV32PC20325,ROV325,3426.85,0.1635,0.01,2248.5,24.95,NA,NA,NA,NA,1438.7595334953053
16S,D519ROV3LPC1.25,1283.2157756527522,25,ROV3,LPC,D519,clam,porewater,519ROV03-2PC203-25,,,D519ROV32PC20325,ROV325,3426.85,0.1635,0.01,2248.5,24.95,NA,NA,NA,NA,1438.7595334953053
16S,D519ROV3LPC2.25,2047.197806328013,25,ROV3,LPC,D519,clam,porewater,519ROV03-2PC203-25,,,D519ROV32PC20325,ROV325,3426.85,0.1635,0.01,2248.5,24.95,NA,NA,NA,NA,1438.7595334953053
16S,D518ROV3LPC.25,1323.8274825925062,25,ROV3,LPC,D518,clam,porewater,519ROV03-2PC203-25,,,D519ROV32PC20325,ROV325,3426.85,0.1635,0.01,2248.5,24.95,NA,NA,NA,NA,1438.7595334953053
16S,D517ROV5LPC.25,451.0505506255937,25,ROV5,LPC,D517,control,porewater,517ROV05LPC-25,,,D517ROV5LPC25,ROV525,2187.8,0.399,0.02,2540,32.7,NA,NA,NA,NA,745.5619365297376
16S,D517ROV5PC201.25,648.6008687981307,25,ROV5,PC,D517,control,fridge,517ROV05LPC-25,,,D517ROV5LPC25,ROV525,2187.8,0.399,0.02,2540,32.7,NA,NA,NA,NA,745.5619365297376
16S,D515ROV1LPC.30,465.6748542730889,30,ROV1,LPC,D515,mussel,porewater,515ROV01LPC-30, ROVO1-LPC-40 ,515ROV01LPC-50,D515ROV1LPC30,ROV130,45723.3,0.185,240.63666666666668,33.486666666666665,29.7,-0.3,-27.5,24.57,-66.39,1160.8972117091844
16S,D522ROV1PC202.30,1870.0599797105424,30,ROV1,PC,D522,sea_anemone,fridge,515ROV01LPC-30, ROVO1-LPC-40 ,515ROV01LPC-50,D515ROV1LPC30,ROV130,45723.3,0.185,240.63666666666668,33.486666666666665,29.7,-0.3,-27.5,24.57,-66.39,1160.8972117091844
16S,D522ROV1LPC1.30,776.5504756237607,30,ROV1,LPC,D522,thintubeworm,porewater,515ROV01LPC-30, ROVO1-LPC-40 ,515ROV01LPC-50,D515ROV1LPC30,ROV130,45723.3,0.185,240.63666666666668,33.486666666666665,29.7,-0.3,-27.5,24.57,-66.39,1160.8972117091844
16S,D522ROV1LPC2.30,429.5202819586386,30,ROV1,LPC,D522,thintubeworm,porewater,515ROV01LPC-30, ROVO1-LPC-40 ,515ROV01LPC-50,D515ROV1LPC30,ROV130,45723.3,0.185,240.63666666666668,33.486666666666665,29.7,-0.3,-27.5,24.57,-66.39,1160.8972117091844
16S,D522ROV1PC201.30,2724.9869596704675,30,ROV1,PC,D522,sea_anemone,porewater,515ROV01LPC-30, ROVO1-LPC-40 ,515ROV01LPC-50,D515ROV1LPC30,ROV130,45723.3,0.185,240.63666666666668,33.486666666666665,29.7,-0.3,-27.5,24.57,-66.39,1160.8972117091844
16S,D522ROV1PC205.30,380.4699088354661,30,ROV1,PC,D522,thintubeworm,incubation,515ROV01LPC-30, ROVO1-LPC-40 ,515ROV01LPC-50,D515ROV1LPC30,ROV130,45723.3,0.185,240.63666666666668,33.486666666666665,29.7,-0.3,-27.5,24.57,-66.39,1160.8972117091844
16S,D522ROV1PC204.30,1038.4762199639347,30,ROV1,PC,D522,thintubeworm,fridge,515ROV01LPC-30, ROVO1-LPC-40 ,515ROV01LPC-50,D515ROV1LPC30,ROV130,45723.3,0.185,240.63666666666668,33.486666666666665,29.7,-0.3,-27.5,24.57,-66.39,1160.8972117091844
16S,D523ROV2LPC3.30,585.8204082306053,30,ROV2,LPC,D523,mussel,fridge,517ROV02PC203-30,ROV05-LPC-10,517ROV05LPC-10,D517ROV2PC20330,ROV230,68591.65,0.26749999999999996,69.01,78.6,28.2,27.599999999999998,-9.655000000000001,3.59,-75.11500000000001,965.1439025366802
16S,D517ROV2PC203.30,625.57721644357,30,ROV2,PC,D517,tubeworm,porewater,517ROV02PC203-30,ROV05-LPC-10,517ROV05LPC-10,D517ROV2PC20330,ROV230,68591.65,0.26749999999999996,69.01,78.6,28.2,27.599999999999998,-9.655000000000001,3.59,-75.11500000000001,965.1439025366802
16S,D523ROV2LPC1.30,1076.269694369563,30,ROV2,LPC,D523,mussel,fridge,517ROV02PC203-30,ROV05-LPC-10,517ROV05LPC-10,D517ROV2PC20330,ROV230,68591.65,0.26749999999999996,69.01,78.6,28.2,27.599999999999998,-9.655000000000001,3.59,-75.11500000000001,965.1439025366802
16S,D517ROV2LPC2.30,563.58741915151,30,ROV2,LPC,D517,mussel,porewater,517ROV02PC203-30,ROV05-LPC-10,517ROV05LPC-10,D517ROV2PC20330,ROV230,68591.65,0.26749999999999996,69.01,78.6,28.2,27.599999999999998,-9.655000000000001,3.59,-75.11500000000001,965.1439025366802
16S,D517ROV2LPC1.30,388.7177399741258,30,ROV2,LPC,D517,mussel,porewater,517ROV02PC203-30,ROV05-LPC-10,517ROV05LPC-10,D517ROV2PC20330,ROV230,68591.65,0.26749999999999996,69.01,78.6,28.2,27.599999999999998,-9.655000000000001,3.59,-75.11500000000001,965.1439025366802
16S,D523ROV2LPC2.30,931.6208806678894,30,ROV2,LPC,D523,mussel,fridge,517ROV02PC203-30,ROV05-LPC-10,517ROV05LPC-10,D517ROV2PC20330,ROV230,68591.65,0.26749999999999996,69.01,78.6,28.2,27.599999999999998,-9.655000000000001,3.59,-75.11500000000001,965.1439025366802
16S,D519ROV3LPC2.30,1780.0372161722157,30,ROV3,LPC,D519,clam,porewater,519ROV03-2LPC1-30,,,D519ROV32LPC130,ROV330,3517.4,0.135,0.03,2298,24.6,NA,NA,NA,NA,1438.7595334953053
16S,D518ROV3LPC.30,772.9500793682589,30,ROV3,LPC,D518,clam,porewater,519ROV03-2LPC1-30,,,D519ROV32LPC130,ROV330,3517.4,0.135,0.03,2298,24.6,NA,NA,NA,NA,1438.7595334953053
16S,D519ROV3LPC1.30,934.6343459824365,30,ROV3,LPC,D519,clam,porewater,519ROV03-2LPC1-30,,,D519ROV32LPC130,ROV330,3517.4,0.135,0.03,2298,24.6,NA,NA,NA,NA,1438.7595334953053
16S,D517ROV5LPC.30,550.052008436111,30,ROV5,LPC,D517,control,porewater,517ROV05LPC-30,,,D517ROV5LPC30,ROV530,1865.6,0.447,0.02,2516,25.9,NA,NA,NA,NA,745.5619365297376
18S,D515ROV1LPC.0,16.673958550647402,0,ROV1,LPC,D515,mussel,porewater,515ROV01LPC-0, ROVO1-LPC-0 ,515ROV01LPC-0,D515ROV1LPC0,ROV10,19681.166666666668,0.53,0.44499999999999995,2114,25.833333333333332,21.2,-33.04,8.79,-65.09,29.57324506324343
18S,D522ROV1PC202.0,28.01003842543587,0,ROV1,PC,D522,sea_anemone,fridge,515ROV01LPC-0, ROVO1-LPC-0 ,515ROV01LPC-0,D515ROV1LPC0,ROV10,19681.166666666668,0.53,0.44499999999999995,2114,25.833333333333332,21.2,-33.04,8.79,-65.09,29.57324506324343
18S,D522ROV1PC205.0,20.431355895432258,0,ROV1,PC,D522,thintubeworm,incubation,515ROV01LPC-0, ROVO1-LPC-0 ,515ROV01LPC-0,D515ROV1LPC0,ROV10,19681.166666666668,0.53,0.44499999999999995,2114,25.833333333333332,21.2,-33.04,8.79,-65.09,29.57324506324343
18S,D522ROV1PC201.0,51.733344602371474,0,ROV1,PC,D522,sea_anemone,porewater,515ROV01LPC-0, ROVO1-LPC-0 ,515ROV01LPC-0,D515ROV1LPC0,ROV10,19681.166666666668,0.53,0.44499999999999995,2114,25.833333333333332,21.2,-33.04,8.79,-65.09,29.57324506324343
18S,D522ROV1PC203.0,22.119563725560706,0,ROV1,PC,D522,thintubeworm_mat,porewater,515ROV01LPC-0, ROVO1-LPC-0 ,515ROV01LPC-0,D515ROV1LPC0,ROV10,19681.166666666668,0.53,0.44499999999999995,2114,25.833333333333332,21.2,-33.04,8.79,-65.09,29.57324506324343
18S,D522ROV1LPC1.0,19.10394056915925,0,ROV1,LPC,D522,thintubeworm,porewater,515ROV01LPC-0, ROVO1-LPC-0 ,515ROV01LPC-0,D515ROV1LPC0,ROV10,19681.166666666668,0.53,0.44499999999999995,2114,25.833333333333332,21.2,-33.04,8.79,-65.09,29.57324506324343
18S,D522ROV1LPC2.0,28.664912303113244,0,ROV1,LPC,D522,thintubeworm,porewater,515ROV01LPC-0, ROVO1-LPC-0 ,515ROV01LPC-0,D515ROV1LPC0,ROV10,19681.166666666668,0.53,0.44499999999999995,2114,25.833333333333332,21.2,-33.04,8.79,-65.09,29.57324506324343
18S,D515ROV1PC201.0,30.609042782061348,0,ROV1,PC,D515,mussel,porewater,515ROV01LPC-0, ROVO1-LPC-0 ,515ROV01LPC-0,D515ROV1LPC0,ROV10,19681.166666666668,0.53,0.44499999999999995,2114,25.833333333333332,21.2,-33.04,8.79,-65.09,29.57324506324343
18S,D522ROV1PC204.0,40.52741951760721,0,ROV1,PC,D522,thintubeworm,fridge,515ROV01LPC-0, ROVO1-LPC-0 ,515ROV01LPC-0,D515ROV1LPC0,ROV10,19681.166666666668,0.53,0.44499999999999995,2114,25.833333333333332,21.2,-33.04,8.79,-65.09,29.57324506324343
18S,D519ROV2PC201.0,10.467370524910692,0,ROV2,PC,D519,mussel,porewater,517ROV02PC203-0, ROVO2-LPC2-30 ,517ROV02LPC2-40,D517ROV2PC2030,ROV20,6071.7,0.294,0.28,2568,32.4,68.9,-35.03,10.8,-69.54,15.24762843520642
18S,D517ROV2LPC2.0,17.287628267019105,0,ROV2,LPC,D517,mussel,porewater,517ROV02PC203-0, ROVO2-LPC2-30 ,517ROV02LPC2-40,D517ROV2PC2030,ROV20,6071.7,0.294,0.28,2568,32.4,68.9,-35.03,10.8,-69.54,15.24762843520642
18S,D523ROV2LPC2.0,12.927909311549111,0,ROV2,LPC,D523,mussel,fridge,517ROV02PC203-0, ROVO2-LPC2-30 ,517ROV02LPC2-40,D517ROV2PC2030,ROV20,6071.7,0.294,0.28,2568,32.4,68.9,-35.03,10.8,-69.54,15.24762843520642
18S,D517ROV2LPC1.0,16.701905840113234,0,ROV2,LPC,D517,mussel,porewater,517ROV02PC203-0, ROVO2-LPC2-30 ,517ROV02LPC2-40,D517ROV2PC2030,ROV20,6071.7,0.294,0.28,2568,32.4,68.9,-35.03,10.8,-69.54,15.24762843520642
18S,D517ROV2PC203.0,9.487350578236414,0,ROV2,PC,D517,tubeworm,porewater,517ROV02PC203-0, ROVO2-LPC2-30 ,517ROV02LPC2-40,D517ROV2PC2030,ROV20,6071.7,0.294,0.28,2568,32.4,68.9,-35.03,10.8,-69.54,15.24762843520642
18S,D517ROV2PC201.0,16.423480489801644,0,ROV2,PC,D517,mussel,porewater,517ROV02PC203-0, ROVO2-LPC2-30 ,517ROV02LPC2-40,D517ROV2PC2030,ROV20,6071.7,0.294,0.28,2568,32.4,68.9,-35.03,10.8,-69.54,15.24762843520642
18S,D523ROV2LPC3.0,5.6342008165373825,0,ROV2,LPC,D523,mussel,fridge,517ROV02PC203-0, ROVO2-LPC2-30 ,517ROV02LPC2-40,D517ROV2PC2030,ROV20,6071.7,0.294,0.28,2568,32.4,68.9,-35.03,10.8,-69.54,15.24762843520642
18S,D517ROV2PC202.0,35.26121880282767,0,ROV2,PC,D517,tubeworm,porewater,517ROV02PC203-0, ROVO2-LPC2-30 ,517ROV02LPC2-40,D517ROV2PC2030,ROV20,6071.7,0.294,0.28,2568,32.4,68.9,-35.03,10.8,-69.54,15.24762843520642
18S,D523ROV2LPC1.0,20,0,ROV2,LPC,D523,mussel,fridge,517ROV02PC203-0, ROVO2-LPC2-30 ,517ROV02LPC2-40,D517ROV2PC2030,ROV20,6071.7,0.294,0.28,2568,32.4,68.9,-35.03,10.8,-69.54,15.24762843520642
18S,D519ROV3PC201.0,21.95535061165002,0,ROV3,PC,D519,clam_mat,porewater,519ROV03-2PC201-0,,,D519ROV32PC2010,ROV30,4344.533333333334,0.319,3.67,2417,28.2,NA,NA,NA,NA,30.876665347258232
18S,D519ROV3LPC1.0,36.77625221032579,0,ROV3,LPC,D519,clam,porewater,519ROV03-2PC201-0,,,D519ROV32PC2010,ROV30,4344.533333333334,0.319,3.67,2417,28.2,NA,NA,NA,NA,30.876665347258232
18S,D518ROV3LPC.0,27.24126632014074,0,ROV3,LPC,D518,clam,porewater,519ROV03-2PC201-0,,,D519ROV32PC2010,ROV30,4344.533333333334,0.319,3.67,2417,28.2,NA,NA,NA,NA,30.876665347258232
18S,D519ROV3PC205.0,25.779926168403787,0,ROV3,PC,D519,clam,porewater,519ROV03-2PC201-0,,,D519ROV32PC2010,ROV30,4344.533333333334,0.319,3.67,2417,28.2,NA,NA,NA,NA,30.876665347258232
18S,D519ROV3PC204.0,25.599958021569705,0,ROV3,PC,D519,clam,porewater,519ROV03-2PC201-0,,,D519ROV32PC2010,ROV30,4344.533333333334,0.319,3.67,2417,28.2,NA,NA,NA,NA,30.876665347258232
18S,D518ROV3PC202.0,40.16266837713258,0,ROV3,PC,D518,clam,porewater,519ROV03-2PC201-0,,,D519ROV32PC2010,ROV30,4344.533333333334,0.319,3.67,2417,28.2,NA,NA,NA,NA,30.876665347258232
18S,D519ROV3PC202.0,15.956587592913442,0,ROV3,PC,D519,clam_mat,porewater,519ROV03-2PC201-0,,,D519ROV32PC2010,ROV30,4344.533333333334,0.319,3.67,2417,28.2,NA,NA,NA,NA,30.876665347258232
18S,D518ROV3PC201.0,45.49282088731741,0,ROV3,PC,D518,clam_mat,porewater,519ROV03-2PC201-0,,,D519ROV32PC2010,ROV30,4344.533333333334,0.319,3.67,2417,28.2,NA,NA,NA,NA,30.876665347258232
18S,D519ROV3LPC2.0,18.556753453975016,0,ROV3,LPC,D519,clam,porewater,519ROV03-2PC201-0,,,D519ROV32PC2010,ROV30,4344.533333333334,0.319,3.67,2417,28.2,NA,NA,NA,NA,30.876665347258232
18S,D519ROV3PC203.0,27.58633063888192,0,ROV3,PC,D519,clam,porewater,519ROV03-2PC201-0,,,D519ROV32PC2010,ROV30,4344.533333333334,0.319,3.67,2417,28.2,NA,NA,NA,NA,30.876665347258232
18S,D517ROV5PC201.0,30.32073876735802,0,ROV5,PC,D517,control,fridge,517ROV05LPC-0,,,D517ROV5LPC0,ROV50,2361.8,0.192,0.06,2606,23.1,NA,NA,NA,NA,21.876204955488543
18S,D517ROV5LPC.0,10.162504444549858,0,ROV5,LPC,D517,control,porewater,517ROV05LPC-0,,,D517ROV5LPC0,ROV50,2361.8,0.192,0.06,2606,23.1,NA,NA,NA,NA,21.876204955488543
18S,D522ROV1PC205.10,19.595768338533624,10,ROV1,PC,D522,thintubeworm,incubation,515ROV01LPC-10, ROVO1-LPC-10 ,515ROV01LPC-15,D515ROV1LPC10,ROV110,104699.03333333334,0.48233333333333334,146.475,315.3,27.6,1.3,-30.22,23.16,-77.39,29.57324506324343
18S,D522ROV1PC203.10,40.48310797007339,10,ROV1,PC,D522,thintubeworm_mat,porewater,515ROV01LPC-10, ROVO1-LPC-10 ,515ROV01LPC-15,D515ROV1LPC10,ROV110,104699.03333333334,0.48233333333333334,146.475,315.3,27.6,1.3,-30.22,23.16,-77.39,29.57324506324343
18S,D522ROV1LPC2.10,28.345104812386516,10,ROV1,LPC,D522,thintubeworm,porewater,515ROV01LPC-10, ROVO1-LPC-10 ,515ROV01LPC-15,D515ROV1LPC10,ROV110,104699.03333333334,0.48233333333333334,146.475,315.3,27.6,1.3,-30.22,23.16,-77.39,29.57324506324343
18S,D515ROV1PC201.10,15.228501202529287,10,ROV1,PC,D515,mussel,porewater,515ROV01LPC-10, ROVO1-LPC-10 ,515ROV01LPC-15,D515ROV1LPC10,ROV110,104699.03333333334,0.48233333333333334,146.475,315.3,27.6,1.3,-30.22,23.16,-77.39,29.57324506324343
18S,D522ROV1PC202.10,33.73093075197089,10,ROV1,PC,D522,sea_anemone,fridge,515ROV01LPC-10, ROVO1-LPC-10 ,515ROV01LPC-15,D515ROV1LPC10,ROV110,104699.03333333334,0.48233333333333334,146.475,315.3,27.6,1.3,-30.22,23.16,-77.39,29.57324506324343
18S,D522ROV1PC204.10,19.65911314713636,10,ROV1,PC,D522,thintubeworm,fridge,515ROV01LPC-10, ROVO1-LPC-10 ,515ROV01LPC-15,D515ROV1LPC10,ROV110,104699.03333333334,0.48233333333333334,146.475,315.3,27.6,1.3,-30.22,23.16,-77.39,29.57324506324343
18S,D522ROV1PC201.10,46.36307680611434,10,ROV1,PC,D522,sea_anemone,porewater,515ROV01LPC-10, ROVO1-LPC-10 ,515ROV01LPC-15,D515ROV1LPC10,ROV110,104699.03333333334,0.48233333333333334,146.475,315.3,27.6,1.3,-30.22,23.16,-77.39,29.57324506324343
18S,D522ROV1LPC1.10,10.19257245247758,10,ROV1,LPC,D522,thintubeworm,porewater,515ROV01LPC-10, ROVO1-LPC-10 ,515ROV01LPC-15,D515ROV1LPC10,ROV110,104699.03333333334,0.48233333333333334,146.475,315.3,27.6,1.3,-30.22,23.16,-77.39,29.57324506324343
18S,D515ROV1LPC.10,9.29520126046144,10,ROV1,LPC,D515,mussel,porewater,515ROV01LPC-10, ROVO1-LPC-10 ,515ROV01LPC-15,D515ROV1LPC10,ROV110,104699.03333333334,0.48233333333333334,146.475,315.3,27.6,1.3,-30.22,23.16,-77.39,29.57324506324343
18S,D517ROV2LPC2.10,9.07213502863243,10,ROV2,LPC,D517,mussel,porewater,517ROV02PC203-10,ROV05-LPC-2,517ROV05LPC-2,D517ROV2PC20310,ROV210,11846.2,0.2115,0.034999999999999996,1401,35.7,9.2,-6.3149999999999995,3.495,-77.11,15.24762843520642
18S,D523ROV2LPC2.10,3.0641242786600476,10,ROV2,LPC,D523,mussel,fridge,517ROV02PC203-10,ROV05-LPC-2,517ROV05LPC-2,D517ROV2PC20310,ROV210,11846.2,0.2115,0.034999999999999996,1401,35.7,9.2,-6.3149999999999995,3.495,-77.11,15.24762843520642
18S,D517ROV2PC203.10,29.90848768469227,10,ROV2,PC,D517,tubeworm,porewater,517ROV02PC203-10,ROV05-LPC-2,517ROV05LPC-2,D517ROV2PC20310,ROV210,11846.2,0.2115,0.034999999999999996,1401,35.7,9.2,-6.3149999999999995,3.495,-77.11,15.24762843520642
18S,D519ROV2PC201.10,18.311447418935064,10,ROV2,PC,D519,mussel,porewater,517ROV02PC203-10,ROV05-LPC-2,517ROV05LPC-2,D517ROV2PC20310,ROV210,11846.2,0.2115,0.034999999999999996,1401,35.7,9.2,-6.3149999999999995,3.495,-77.11,15.24762843520642
18S,D523ROV2LPC1.10,18.86838239338789,10,ROV2,LPC,D523,mussel,fridge,517ROV02PC203-10,ROV05-LPC-2,517ROV05LPC-2,D517ROV2PC20310,ROV210,11846.2,0.2115,0.034999999999999996,1401,35.7,9.2,-6.3149999999999995,3.495,-77.11,15.24762843520642
18S,D517ROV2LPC1.10,7.458481197164282,10,ROV2,LPC,D517,mussel,porewater,517ROV02PC203-10,ROV05-LPC-2,517ROV05LPC-2,D517ROV2PC20310,ROV210,11846.2,0.2115,0.034999999999999996,1401,35.7,9.2,-6.3149999999999995,3.495,-77.11,15.24762843520642
18S,D523ROV2LPC3.10,4.755864783967114,10,ROV2,LPC,D523,mussel,fridge,517ROV02PC203-10,ROV05-LPC-2,517ROV05LPC-2,D517ROV2PC20310,ROV210,11846.2,0.2115,0.034999999999999996,1401,35.7,9.2,-6.3149999999999995,3.495,-77.11,15.24762843520642
18S,D518ROV3LPC.10,21.797671384315333,10,ROV3,LPC,D518,clam,porewater,519ROV03-2PC201-10,,,D519ROV32PC20110,ROV310,8596.166666666666,0.3426666666666667,0.25666666666666665,2320.6666666666665,28.833333333333332,NA,NA,NA,NA,30.876665347258232
18S,D519ROV3PC204.10,29.172747021384904,10,ROV3,PC,D519,clam,porewater,519ROV03-2PC201-10,,,D519ROV32PC20110,ROV310,8596.166666666666,0.3426666666666667,0.25666666666666665,2320.6666666666665,28.833333333333332,NA,NA,NA,NA,30.876665347258232
18S,D519ROV3LPC2.10,36.751245577697716,10,ROV3,LPC,D519,clam,porewater,519ROV03-2PC201-10,,,D519ROV32PC20110,ROV310,8596.166666666666,0.3426666666666667,0.25666666666666665,2320.6666666666665,28.833333333333332,NA,NA,NA,NA,30.876665347258232
18S,D519ROV3PC205.10,21.202223234769427,10,ROV3,PC,D519,clam,porewater,519ROV03-2PC201-10,,,D519ROV32PC20110,ROV310,8596.166666666666,0.3426666666666667,0.25666666666666665,2320.6666666666665,28.833333333333332,NA,NA,NA,NA,30.876665347258232
18S,D518ROV3PC201.10,41.65556738131333,10,ROV3,PC,D518,clam_mat,porewater,519ROV03-2PC201-10,,,D519ROV32PC20110,ROV310,8596.166666666666,0.3426666666666667,0.25666666666666665,2320.6666666666665,28.833333333333332,NA,NA,NA,NA,30.876665347258232
18S,D519ROV3PC203.10,60.40201370970195,10,ROV3,PC,D519,clam,porewater,519ROV03-2PC201-10,,,D519ROV32PC20110,ROV310,8596.166666666666,0.3426666666666667,0.25666666666666665,2320.6666666666665,28.833333333333332,NA,NA,NA,NA,30.876665347258232
18S,D519ROV3PC201.10,15.949844380449454,10,ROV3,PC,D519,clam_mat,porewater,519ROV03-2PC201-10,,,D519ROV32PC20110,ROV310,8596.166666666666,0.3426666666666667,0.25666666666666665,2320.6666666666665,28.833333333333332,NA,NA,NA,NA,30.876665347258232
18S,D519ROV3LPC1.10,38.444713634759765,10,ROV3,LPC,D519,clam,porewater,519ROV03-2PC201-10,,,D519ROV32PC20110,ROV310,8596.166666666666,0.3426666666666667,0.25666666666666665,2320.6666666666665,28.833333333333332,NA,NA,NA,NA,30.876665347258232
18S,D517ROV5PC201.10,33.60703161475091,10,ROV5,PC,D517,control,fridge,517ROV05LPC-10,,,D517ROV5LPC10,ROV510,2287.9,0.386,0.05,2568,24.1,NA,NA,NA,NA,21.876204955488543
18S,D517ROV5LPC.10,29.4448026573681,10,ROV5,LPC,D517,control,porewater,517ROV05LPC-10,,,D517ROV5LPC10,ROV510,2287.9,0.386,0.05,2568,24.1,NA,NA,NA,NA,21.876204955488543
18S,D522ROV1LPC2.15,36.15225350393098,15,ROV1,LPC,D522,thintubeworm,porewater,515ROV01LPC-15, ROVO1-LPC-15 ,515ROV01LPC-20,D515ROV1LPC15,ROV115,104617.86666666667,0.30633333333333335,190.14000000000001,128.33333333333334,26.966666666666665,2.8,-28.06,24.88,-70.25,29.57324506324343
18S,D522ROV1PC202.15,55.11511332150313,15,ROV1,PC,D522,sea_anemone,fridge,515ROV01LPC-15, ROVO1-LPC-15 ,515ROV01LPC-20,D515ROV1LPC15,ROV115,104617.86666666667,0.30633333333333335,190.14000000000001,128.33333333333334,26.966666666666665,2.8,-28.06,24.88,-70.25,29.57324506324343
18S,D522ROV1PC203.15,40.16897255730929,15,ROV1,PC,D522,thintubeworm_mat,porewater,515ROV01LPC-15, ROVO1-LPC-15 ,515ROV01LPC-20,D515ROV1LPC15,ROV115,104617.86666666667,0.30633333333333335,190.14000000000001,128.33333333333334,26.966666666666665,2.8,-28.06,24.88,-70.25,29.57324506324343
18S,D522ROV1PC204.15,18.23693836144802,15,ROV1,PC,D522,thintubeworm,fridge,515ROV01LPC-15, ROVO1-LPC-15 ,515ROV01LPC-20,D515ROV1LPC15,ROV115,104617.86666666667,0.30633333333333335,190.14000000000001,128.33333333333334,26.966666666666665,2.8,-28.06,24.88,-70.25,29.57324506324343
18S,D515ROV1LPC.15,36.48423457717911,15,ROV1,LPC,D515,mussel,porewater,515ROV01LPC-15, ROVO1-LPC-15 ,515ROV01LPC-20,D515ROV1LPC15,ROV115,104617.86666666667,0.30633333333333335,190.14000000000001,128.33333333333334,26.966666666666665,2.8,-28.06,24.88,-70.25,29.57324506324343
18S,D522ROV1PC201.15,23.914201193935188,15,ROV1,PC,D522,sea_anemone,porewater,515ROV01LPC-15, ROVO1-LPC-15 ,515ROV01LPC-20,D515ROV1LPC15,ROV115,104617.86666666667,0.30633333333333335,190.14000000000001,128.33333333333334,26.966666666666665,2.8,-28.06,24.88,-70.25,29.57324506324343
18S,D522ROV1LPC1.15,53.0910691761051,15,ROV1,LPC,D522,thintubeworm,porewater,515ROV01LPC-15, ROVO1-LPC-15 ,515ROV01LPC-20,D515ROV1LPC15,ROV115,104617.86666666667,0.30633333333333335,190.14000000000001,128.33333333333334,26.966666666666665,2.8,-28.06,24.88,-70.25,29.57324506324343
18S,D515ROV1PC201.15,19.58991108955354,15,ROV1,PC,D515,mussel,porewater,515ROV01LPC-15, ROVO1-LPC-15 ,515ROV01LPC-20,D515ROV1LPC15,ROV115,104617.86666666667,0.30633333333333335,190.14000000000001,128.33333333333334,26.966666666666665,2.8,-28.06,24.88,-70.25,29.57324506324343
18S,D522ROV1PC205.15,27.21056114923386,15,ROV1,PC,D522,thintubeworm,incubation,515ROV01LPC-15, ROVO1-LPC-15 ,515ROV01LPC-20,D515ROV1LPC15,ROV115,104617.86666666667,0.30633333333333335,190.14000000000001,128.33333333333334,26.966666666666665,2.8,-28.06,24.88,-70.25,29.57324506324343
18S,D523ROV2LPC3.15,7.269143941082123,15,ROV2,LPC,D523,mussel,fridge,517ROV02PC203-15,ROV05-LPC-4,517ROV05LPC-4,D517ROV2PC20315,ROV215,131458.3,0.267,161.61,157,35.8,2.85,-6.68,3.27,-77.285,15.24762843520642
18S,D523ROV2LPC2.15,6.451509927164775,15,ROV2,LPC,D523,mussel,fridge,517ROV02PC203-15,ROV05-LPC-4,517ROV05LPC-4,D517ROV2PC20315,ROV215,131458.3,0.267,161.61,157,35.8,2.85,-6.68,3.27,-77.285,15.24762843520642
18S,D517ROV2LPC1.15,35.90171745738432,15,ROV2,LPC,D517,mussel,porewater,517ROV02PC203-15,ROV05-LPC-4,517ROV05LPC-4,D517ROV2PC20315,ROV215,131458.3,0.267,161.61,157,35.8,2.85,-6.68,3.27,-77.285,15.24762843520642
18S,D523ROV2LPC1.15,20.256506140107053,15,ROV2,LPC,D523,mussel,fridge,517ROV02PC203-15,ROV05-LPC-4,517ROV05LPC-4,D517ROV2PC20315,ROV215,131458.3,0.267,161.61,157,35.8,2.85,-6.68,3.27,-77.285,15.24762843520642
18S,D517ROV2PC203.15,24.945091503674675,15,ROV2,PC,D517,tubeworm,porewater,517ROV02PC203-15,ROV05-LPC-4,517ROV05LPC-4,D517ROV2PC20315,ROV215,131458.3,0.267,161.61,157,35.8,2.85,-6.68,3.27,-77.285,15.24762843520642
18S,D517ROV2LPC2.15,8.399180523765425,15,ROV2,LPC,D517,mussel,porewater,517ROV02PC203-15,ROV05-LPC-4,517ROV05LPC-4,D517ROV2PC20315,ROV215,131458.3,0.267,161.61,157,35.8,2.85,-6.68,3.27,-77.285,15.24762843520642
18S,D519ROV2PC201.15,41.20777107599837,15,ROV2,PC,D519,mussel,porewater,517ROV02PC203-15,ROV05-LPC-4,517ROV05LPC-4,D517ROV2PC20315,ROV215,131458.3,0.267,161.61,157,35.8,2.85,-6.68,3.27,-77.285,15.24762843520642
18S,D519ROV3LPC2.15,42.37110873984295,15,ROV3,LPC,D519,clam,porewater,519ROV03-2PC201-15,,,D519ROV32PC20115,ROV315,11142.266666666666,0.4956666666666667,0.023333333333333334,2250.3333333333335,27.333333333333332,NA,NA,NA,NA,30.876665347258232
18S,D518ROV3LPC.15,21.263204580155843,15,ROV3,LPC,D518,clam,porewater,519ROV03-2PC201-15,,,D519ROV32PC20115,ROV315,11142.266666666666,0.4956666666666667,0.023333333333333334,2250.3333333333335,27.333333333333332,NA,NA,NA,NA,30.876665347258232
18S,D519ROV3PC205.15,33.04682446116559,15,ROV3,PC,D519,clam,porewater,519ROV03-2PC201-15,,,D519ROV32PC20115,ROV315,11142.266666666666,0.4956666666666667,0.023333333333333334,2250.3333333333335,27.333333333333332,NA,NA,NA,NA,30.876665347258232
18S,D519ROV3PC203.15,29.43217175728823,15,ROV3,PC,D519,clam,porewater,519ROV03-2PC201-15,,,D519ROV32PC20115,ROV315,11142.266666666666,0.4956666666666667,0.023333333333333334,2250.3333333333335,27.333333333333332,NA,NA,NA,NA,30.876665347258232
18S,D519ROV3LPC1.15,49.978897390703715,15,ROV3,LPC,D519,clam,porewater,519ROV03-2PC201-15,,,D519ROV32PC20115,ROV315,11142.266666666666,0.4956666666666667,0.023333333333333334,2250.3333333333335,27.333333333333332,NA,NA,NA,NA,30.876665347258232
18S,D519ROV3PC204.15,24.3519966251105,15,ROV3,PC,D519,clam,porewater,519ROV03-2PC201-15,,,D519ROV32PC20115,ROV315,11142.266666666666,0.4956666666666667,0.023333333333333334,2250.3333333333335,27.333333333333332,NA,NA,NA,NA,30.876665347258232
18S,D517ROV5PC201.15,49.83850124094313,15,ROV5,PC,D517,control,fridge,517ROV05LPC-15,,,D517ROV5LPC15,ROV515,2413.9,0.313,0.04,2605,27.2,NA,NA,NA,NA,21.876204955488543
18S,D517ROV5LPC.15,13.18748442020314,15,ROV5,LPC,D517,control,porewater,517ROV05LPC-15,,,D517ROV5LPC15,ROV515,2413.9,0.313,0.04,2605,27.2,NA,NA,NA,NA,21.876204955488543
18S,D515ROV1PC201.20,24.998486873979118,20,ROV1,PC,D515,mussel,porewater,515ROV01LPC-20, ROVO1-LPC-20 ,515ROV01LPC-30,D515ROV1LPC20,ROV120,126015.16666666667,0.32633333333333336,163.685,53.4,28.266666666666666,-1.2,-29.2,23.94,-68.5,29.57324506324343
18S,D522ROV1PC202.20,32.92231146448523,20,ROV1,PC,D522,sea_anemone,fridge,515ROV01LPC-20, ROVO1-LPC-20 ,515ROV01LPC-30,D515ROV1LPC20,ROV120,126015.16666666667,0.32633333333333336,163.685,53.4,28.266666666666666,-1.2,-29.2,23.94,-68.5,29.57324506324343
18S,D522ROV1PC205.20,34.4428063769775,20,ROV1,PC,D522,thintubeworm,incubation,515ROV01LPC-20, ROVO1-LPC-20 ,515ROV01LPC-30,D515ROV1LPC20,ROV120,126015.16666666667,0.32633333333333336,163.685,53.4,28.266666666666666,-1.2,-29.2,23.94,-68.5,29.57324506324343
18S,D522ROV1LPC1.20,11.911288351140268,20,ROV1,LPC,D522,thintubeworm,porewater,515ROV01LPC-20, ROVO1-LPC-20 ,515ROV01LPC-30,D515ROV1LPC20,ROV120,126015.16666666667,0.32633333333333336,163.685,53.4,28.266666666666666,-1.2,-29.2,23.94,-68.5,29.57324506324343
18S,D522ROV1PC203.20,35.0484611199567,20,ROV1,PC,D522,thintubeworm_mat,porewater,515ROV01LPC-20, ROVO1-LPC-20 ,515ROV01LPC-30,D515ROV1LPC20,ROV120,126015.16666666667,0.32633333333333336,163.685,53.4,28.266666666666666,-1.2,-29.2,23.94,-68.5,29.57324506324343
18S,D522ROV1PC201.20,31.115624159892988,20,ROV1,PC,D522,sea_anemone,porewater,515ROV01LPC-20, ROVO1-LPC-20 ,515ROV01LPC-30,D515ROV1LPC20,ROV120,126015.16666666667,0.32633333333333336,163.685,53.4,28.266666666666666,-1.2,-29.2,23.94,-68.5,29.57324506324343
18S,D522ROV1PC204.20,15.459723293842222,20,ROV1,PC,D522,thintubeworm,fridge,515ROV01LPC-20, ROVO1-LPC-20 ,515ROV01LPC-30,D515ROV1LPC20,ROV120,126015.16666666667,0.32633333333333336,163.685,53.4,28.266666666666666,-1.2,-29.2,23.94,-68.5,29.57324506324343
18S,D522ROV1LPC2.20,20.162226150791437,20,ROV1,LPC,D522,thintubeworm,porewater,515ROV01LPC-20, ROVO1-LPC-20 ,515ROV01LPC-30,D515ROV1LPC20,ROV120,126015.16666666667,0.32633333333333336,163.685,53.4,28.266666666666666,-1.2,-29.2,23.94,-68.5,29.57324506324343
18S,D515ROV1LPC.20,15.797086142065275,20,ROV1,LPC,D515,mussel,porewater,515ROV01LPC-20, ROVO1-LPC-20 ,515ROV01LPC-30,D515ROV1LPC20,ROV120,126015.16666666667,0.32633333333333336,163.685,53.4,28.266666666666666,-1.2,-29.2,23.94,-68.5,29.57324506324343
18S,D523ROV2LPC1.20,16.369039669101447,20,ROV2,LPC,D523,mussel,fridge,517ROV02PC203-20,ROV05-LPC-6,517ROV05LPC-6,D517ROV2PC20320,ROV220,159648.05,0.28600000000000003,176.96,44.35,29.2,34.349999999999994,-6.285,3.3200000000000003,-76.1,15.24762843520642
18S,D517ROV2LPC2.20,14.88581248509911,20,ROV2,LPC,D517,mussel,porewater,517ROV02PC203-20,ROV05-LPC-6,517ROV05LPC-6,D517ROV2PC20320,ROV220,159648.05,0.28600000000000003,176.96,44.35,29.2,34.349999999999994,-6.285,3.3200000000000003,-76.1,15.24762843520642
18S,D517ROV2LPC1.20,15.721776252467846,20,ROV2,LPC,D517,mussel,porewater,517ROV02PC203-20,ROV05-LPC-6,517ROV05LPC-6,D517ROV2PC20320,ROV220,159648.05,0.28600000000000003,176.96,44.35,29.2,34.349999999999994,-6.285,3.3200000000000003,-76.1,15.24762843520642
18S,D517ROV2PC203.20,10.533234063393907,20,ROV2,PC,D517,tubeworm,porewater,517ROV02PC203-20,ROV05-LPC-6,517ROV05LPC-6,D517ROV2PC20320,ROV220,159648.05,0.28600000000000003,176.96,44.35,29.2,34.349999999999994,-6.285,3.3200000000000003,-76.1,15.24762843520642
18S,D523ROV2LPC2.20,5.280255529465833,20,ROV2,LPC,D523,mussel,fridge,517ROV02PC203-20,ROV05-LPC-6,517ROV05LPC-6,D517ROV2PC20320,ROV220,159648.05,0.28600000000000003,176.96,44.35,29.2,34.349999999999994,-6.285,3.3200000000000003,-76.1,15.24762843520642
18S,D523ROV2LPC3.20,5.668790395801867,20,ROV2,LPC,D523,mussel,fridge,517ROV02PC203-20,ROV05-LPC-6,517ROV05LPC-6,D517ROV2PC20320,ROV220,159648.05,0.28600000000000003,176.96,44.35,29.2,34.349999999999994,-6.285,3.3200000000000003,-76.1,15.24762843520642
18S,D519ROV2PC201.20,8.629327883867399,20,ROV2,PC,D519,mussel,porewater,517ROV02PC203-20,ROV05-LPC-6,517ROV05LPC-6,D517ROV2PC20320,ROV220,159648.05,0.28600000000000003,176.96,44.35,29.2,34.349999999999994,-6.285,3.3200000000000003,-76.1,15.24762843520642
18S,D519ROV3PC203.20,13.938203155707338,20,ROV3,PC,D519,clam,porewater,519ROV03-2PC203-20,,,D519ROV32PC20320,ROV320,3024.7,0.18,0.02,2285.5,33.7,NA,NA,NA,NA,30.876665347258232
18S,D518ROV3LPC.20,20.34733719872755,20,ROV3,LPC,D518,clam,porewater,519ROV03-2PC203-20,,,D519ROV32PC20320,ROV320,3024.7,0.18,0.02,2285.5,33.7,NA,NA,NA,NA,30.876665347258232
18S,D519ROV3LPC1.20,28.716823914120706,20,ROV3,LPC,D519,clam,porewater,519ROV03-2PC203-20,,,D519ROV32PC20320,ROV320,3024.7,0.18,0.02,2285.5,33.7,NA,NA,NA,NA,30.876665347258232
18S,D519ROV3LPC2.20,35.09916883056319,20,ROV3,LPC,D519,clam,porewater,519ROV03-2PC203-20,,,D519ROV32PC20320,ROV320,3024.7,0.18,0.02,2285.5,33.7,NA,NA,NA,NA,30.876665347258232
18S,D519ROV3PC204.20,10.767451359937802,20,ROV3,PC,D519,clam,porewater,519ROV03-2PC203-20,,,D519ROV32PC20320,ROV320,3024.7,0.18,0.02,2285.5,33.7,NA,NA,NA,NA,30.876665347258232
18S,D517ROV5LPC.20,12.384688218650501,20,ROV5,LPC,D517,control,porewater,517ROV05LPC-20,,,D517ROV5LPC20,ROV520,2107.2,0.441,0.29,2606,33,NA,NA,NA,NA,21.876204955488543
18S,D517ROV5PC201.20,19.446798571256533,20,ROV5,PC,D517,control,fridge,517ROV05LPC-20,,,D517ROV5LPC20,ROV520,2107.2,0.441,0.29,2606,33,NA,NA,NA,NA,21.876204955488543
18S,D522ROV1LPC2.25,40.912826168134245,25,ROV1,LPC,D522,thintubeworm,porewater,515ROV01LPC-25, ROVO1-LPC-30 ,515ROV01LPC-40,D515ROV1LPC25,ROV125,210591.46666666667,0.19933333333333333,202.02499999999998,35.61333333333333,29.133333333333333,-0.6,-28.08,24.07,-67.29,29.57324506324343
18S,D522ROV1PC203.25,32.29533943116679,25,ROV1,PC,D522,thintubeworm_mat,porewater,515ROV01LPC-25, ROVO1-LPC-30 ,515ROV01LPC-40,D515ROV1LPC25,ROV125,210591.46666666667,0.19933333333333333,202.02499999999998,35.61333333333333,29.133333333333333,-0.6,-28.08,24.07,-67.29,29.57324506324343
18S,D522ROV1PC201.25,33.14436830729081,25,ROV1,PC,D522,sea_anemone,porewater,515ROV01LPC-25, ROVO1-LPC-30 ,515ROV01LPC-40,D515ROV1LPC25,ROV125,210591.46666666667,0.19933333333333333,202.02499999999998,35.61333333333333,29.133333333333333,-0.6,-28.08,24.07,-67.29,29.57324506324343
18S,D515ROV1LPC.25,19.744010901239193,25,ROV1,LPC,D515,mussel,porewater,515ROV01LPC-25, ROVO1-LPC-30 ,515ROV01LPC-40,D515ROV1LPC25,ROV125,210591.46666666667,0.19933333333333333,202.02499999999998,35.61333333333333,29.133333333333333,-0.6,-28.08,24.07,-67.29,29.57324506324343
18S,D522ROV1PC202.25,52.34020217588166,25,ROV1,PC,D522,sea_anemone,fridge,515ROV01LPC-25, ROVO1-LPC-30 ,515ROV01LPC-40,D515ROV1LPC25,ROV125,210591.46666666667,0.19933333333333333,202.02499999999998,35.61333333333333,29.133333333333333,-0.6,-28.08,24.07,-67.29,29.57324506324343
18S,D515ROV1PC201.25,6.260713626692468,25,ROV1,PC,D515,mussel,porewater,515ROV01LPC-25, ROVO1-LPC-30 ,515ROV01LPC-40,D515ROV1LPC25,ROV125,210591.46666666667,0.19933333333333333,202.02499999999998,35.61333333333333,29.133333333333333,-0.6,-28.08,24.07,-67.29,29.57324506324343
18S,D522ROV1PC205.25,53.87542360791293,25,ROV1,PC,D522,thintubeworm,incubation,515ROV01LPC-25, ROVO1-LPC-30 ,515ROV01LPC-40,D515ROV1LPC25,ROV125,210591.46666666667,0.19933333333333333,202.02499999999998,35.61333333333333,29.133333333333333,-0.6,-28.08,24.07,-67.29,29.57324506324343
18S,D522ROV1LPC1.25,14.874652099364033,25,ROV1,LPC,D522,thintubeworm,porewater,515ROV01LPC-25, ROVO1-LPC-30 ,515ROV01LPC-40,D515ROV1LPC25,ROV125,210591.46666666667,0.19933333333333333,202.02499999999998,35.61333333333333,29.133333333333333,-0.6,-28.08,24.07,-67.29,29.57324506324343
18S,D522ROV1PC204.25,5.359291039365774,25,ROV1,PC,D522,thintubeworm,fridge,515ROV01LPC-25, ROVO1-LPC-30 ,515ROV01LPC-40,D515ROV1LPC25,ROV125,210591.46666666667,0.19933333333333333,202.02499999999998,35.61333333333333,29.133333333333333,-0.6,-28.08,24.07,-67.29,29.57324506324343
18S,D517ROV2LPC2.25,21.42321855677587,25,ROV2,LPC,D517,mussel,porewater,517ROV02PC203-25,ROV05-LPC-8,517ROV05LPC-8,D517ROV2PC20325,ROV225,164652.35,0.2425,NA,245,29.1,5.45,-7.765,3.215,-76.21000000000001,15.24762843520642
18S,D517ROV2PC203.25,26.364617570977884,25,ROV2,PC,D517,tubeworm,porewater,517ROV02PC203-25,ROV05-LPC-8,517ROV05LPC-8,D517ROV2PC20325,ROV225,164652.35,0.2425,NA,245,29.1,5.45,-7.765,3.215,-76.21000000000001,15.24762843520642
18S,D523ROV2LPC3.25,10.386942014437356,25,ROV2,LPC,D523,mussel,fridge,517ROV02PC203-25,ROV05-LPC-8,517ROV05LPC-8,D517ROV2PC20325,ROV225,164652.35,0.2425,NA,245,29.1,5.45,-7.765,3.215,-76.21000000000001,15.24762843520642
18S,D523ROV2LPC1.25,40.22221362270561,25,ROV2,LPC,D523,mussel,fridge,517ROV02PC203-25,ROV05-LPC-8,517ROV05LPC-8,D517ROV2PC20325,ROV225,164652.35,0.2425,NA,245,29.1,5.45,-7.765,3.215,-76.21000000000001,15.24762843520642
18S,D523ROV2LPC2.25,5.280143829819422,25,ROV2,LPC,D523,mussel,fridge,517ROV02PC203-25,ROV05-LPC-8,517ROV05LPC-8,D517ROV2PC20325,ROV225,164652.35,0.2425,NA,245,29.1,5.45,-7.765,3.215,-76.21000000000001,15.24762843520642
18S,D517ROV2LPC1.25,7.093155539682148,25,ROV2,LPC,D517,mussel,porewater,517ROV02PC203-25,ROV05-LPC-8,517ROV05LPC-8,D517ROV2PC20325,ROV225,164652.35,0.2425,NA,245,29.1,5.45,-7.765,3.215,-76.21000000000001,15.24762843520642
18S,D519ROV3PC204.25,15.535778877843233,25,ROV3,PC,D519,clam,porewater,519ROV03-2PC203-25,,,D519ROV32PC20325,ROV325,3426.85,0.1635,0.01,2248.5,24.95,NA,NA,NA,NA,30.876665347258232
18S,D519ROV3LPC1.25,75.8966811278363,25,ROV3,LPC,D519,clam,porewater,519ROV03-2PC203-25,,,D519ROV32PC20325,ROV325,3426.85,0.1635,0.01,2248.5,24.95,NA,NA,NA,NA,30.876665347258232
18S,D519ROV3LPC2.25,34.84231306127942,25,ROV3,LPC,D519,clam,porewater,519ROV03-2PC203-25,,,D519ROV32PC20325,ROV325,3426.85,0.1635,0.01,2248.5,24.95,NA,NA,NA,NA,30.876665347258232
18S,D518ROV3LPC.25,44.28111834907148,25,ROV3,LPC,D518,clam,porewater,519ROV03-2PC203-25,,,D519ROV32PC20325,ROV325,3426.85,0.1635,0.01,2248.5,24.95,NA,NA,NA,NA,30.876665347258232
18S,D517ROV5LPC.25,7.592989844432931,25,ROV5,LPC,D517,control,porewater,517ROV05LPC-25,,,D517ROV5LPC25,ROV525,2187.8,0.399,0.02,2540,32.7,NA,NA,NA,NA,21.876204955488543
18S,D517ROV5PC201.25,21.32109683093926,25,ROV5,PC,D517,control,fridge,517ROV05LPC-25,,,D517ROV5LPC25,ROV525,2187.8,0.399,0.02,2540,32.7,NA,NA,NA,NA,21.876204955488543
18S,D515ROV1LPC.30,14.9714603830056,30,ROV1,LPC,D515,mussel,porewater,515ROV01LPC-30, ROVO1-LPC-40 ,515ROV01LPC-50,D515ROV1LPC30,ROV130,45723.3,0.185,240.63666666666668,33.486666666666665,29.7,-0.3,-27.5,24.57,-66.39,29.57324506324343
18S,D522ROV1PC202.30,58.496623071480776,30,ROV1,PC,D522,sea_anemone,fridge,515ROV01LPC-30, ROVO1-LPC-40 ,515ROV01LPC-50,D515ROV1LPC30,ROV130,45723.3,0.185,240.63666666666668,33.486666666666665,29.7,-0.3,-27.5,24.57,-66.39,29.57324506324343
18S,D522ROV1LPC1.30,48.680459145312085,30,ROV1,LPC,D522,thintubeworm,porewater,515ROV01LPC-30, ROVO1-LPC-40 ,515ROV01LPC-50,D515ROV1LPC30,ROV130,45723.3,0.185,240.63666666666668,33.486666666666665,29.7,-0.3,-27.5,24.57,-66.39,29.57324506324343
18S,D522ROV1LPC2.30,50.49959846365653,30,ROV1,LPC,D522,thintubeworm,porewater,515ROV01LPC-30, ROVO1-LPC-40 ,515ROV01LPC-50,D515ROV1LPC30,ROV130,45723.3,0.185,240.63666666666668,33.486666666666665,29.7,-0.3,-27.5,24.57,-66.39,29.57324506324343
18S,D522ROV1PC201.30,43.82581752307188,30,ROV1,PC,D522,sea_anemone,porewater,515ROV01LPC-30, ROVO1-LPC-40 ,515ROV01LPC-50,D515ROV1LPC30,ROV130,45723.3,0.185,240.63666666666668,33.486666666666665,29.7,-0.3,-27.5,24.57,-66.39,29.57324506324343
18S,D522ROV1PC205.30,42.70570969104903,30,ROV1,PC,D522,thintubeworm,incubation,515ROV01LPC-30, ROVO1-LPC-40 ,515ROV01LPC-50,D515ROV1LPC30,ROV130,45723.3,0.185,240.63666666666668,33.486666666666665,29.7,-0.3,-27.5,24.57,-66.39,29.57324506324343
18S,D522ROV1PC204.30,7.234025677633329,30,ROV1,PC,D522,thintubeworm,fridge,515ROV01LPC-30, ROVO1-LPC-40 ,515ROV01LPC-50,D515ROV1LPC30,ROV130,45723.3,0.185,240.63666666666668,33.486666666666665,29.7,-0.3,-27.5,24.57,-66.39,29.57324506324343
18S,D523ROV2LPC3.30,5.721651984437717,30,ROV2,LPC,D523,mussel,fridge,517ROV02PC203-30,ROV05-LPC-10,517ROV05LPC-10,D517ROV2PC20330,ROV230,68591.65,0.26749999999999996,69.01,78.6,28.2,27.599999999999998,-9.655000000000001,3.59,-75.11500000000001,15.24762843520642
18S,D517ROV2PC203.30,9.998968096092126,30,ROV2,PC,D517,tubeworm,porewater,517ROV02PC203-30,ROV05-LPC-10,517ROV05LPC-10,D517ROV2PC20330,ROV230,68591.65,0.26749999999999996,69.01,78.6,28.2,27.599999999999998,-9.655000000000001,3.59,-75.11500000000001,15.24762843520642
18S,D523ROV2LPC1.30,29.239849640919104,30,ROV2,LPC,D523,mussel,fridge,517ROV02PC203-30,ROV05-LPC-10,517ROV05LPC-10,D517ROV2PC20330,ROV230,68591.65,0.26749999999999996,69.01,78.6,28.2,27.599999999999998,-9.655000000000001,3.59,-75.11500000000001,15.24762843520642
18S,D517ROV2LPC2.30,8.460003310187737,30,ROV2,LPC,D517,mussel,porewater,517ROV02PC203-30,ROV05-LPC-10,517ROV05LPC-10,D517ROV2PC20330,ROV230,68591.65,0.26749999999999996,69.01,78.6,28.2,27.599999999999998,-9.655000000000001,3.59,-75.11500000000001,15.24762843520642
18S,D517ROV2LPC1.30,12.800525932858198,30,ROV2,LPC,D517,mussel,porewater,517ROV02PC203-30,ROV05-LPC-10,517ROV05LPC-10,D517ROV2PC20330,ROV230,68591.65,0.26749999999999996,69.01,78.6,28.2,27.599999999999998,-9.655000000000001,3.59,-75.11500000000001,15.24762843520642
18S,D523ROV2LPC2.30,6.259959914968027,30,ROV2,LPC,D523,mussel,fridge,517ROV02PC203-30,ROV05-LPC-10,517ROV05LPC-10,D517ROV2PC20330,ROV230,68591.65,0.26749999999999996,69.01,78.6,28.2,27.599999999999998,-9.655000000000001,3.59,-75.11500000000001,15.24762843520642
18S,D519ROV3LPC2.30,21.120346148539223,30,ROV3,LPC,D519,clam,porewater,519ROV03-2LPC1-30,,,D519ROV32LPC130,ROV330,3517.4,0.135,0.03,2298,24.6,NA,NA,NA,NA,30.876665347258232
18S,D518ROV3LPC.30,23.754587329756163,30,ROV3,LPC,D518,clam,porewater,519ROV03-2LPC1-30,,,D519ROV32LPC130,ROV330,3517.4,0.135,0.03,2298,24.6,NA,NA,NA,NA,30.876665347258232
18S,D519ROV3LPC1.30,36.331998986944896,30,ROV3,LPC,D519,clam,porewater,519ROV03-2LPC1-30,,,D519ROV32LPC130,ROV330,3517.4,0.135,0.03,2298,24.6,NA,NA,NA,NA,30.876665347258232
18S,D517ROV5LPC.30,13.3316178999216,30,ROV5,LPC,D517,control,porewater,517ROV05LPC-30,,,D517ROV5LPC30,ROV530,1865.6,0.447,0.02,2516,25.9,NA,NA,NA,NA,21.876204955488543
