185641	514-165	0	3604	-1	A0A0C9UE37|unreviewed|Hydrophobin|taxID:990650|k147_2434232_flag_1_multi_8_0000_len_1028_115095|-|32|0.0003558|1|350|514|514[514]:350[350]:165[165]
203637	0+897	0	3906	1	A0A366Q855|unreviewed|Aldedh|k147_2744418_flag_1_multi_5_0000_len_1145_184441|+|129|2.245e-33|1|0|896|0[0]:896[896]:897[897]
166905	278+585	0	2355	1	A0A162IG95|unreviewed|EKC/KEOPS|k147_3118135_flag_1_multi_3_0000_len_1037_22101|+|42|3.475e-07|1|278|862|278[278]:862[862]:585[585]
154324	2545-1278	0	3410	-1	A0A8H7B8Y1|unreviewed|Amino|k147_2613016_flag_1_multi_9_0000_len_2742_126067|-|129|2.245e-33|1|1268|2545|2545[2545]:1268[1268]:1278[1278]
154970	100+1083	0	3906	1	A0A366Q855|unreviewed|Aldedh|k147_3850875_flag_0_multi_1_0000_len_1194_146739|+|167|8.169e-45|1|100|1182|100[100]:1182[1182]:1083[1083]
133335	297+1407	0	488	1	A0A420TTB3|unreviewed|Aldedh|k147_2987087_flag_1_multi_7_0000_len_1704_214256|+|229|1.771e-63|1|297|1703|297[297]:1703[1703]:1407[1407]
14862	213+603	0	2355	1	A0A162IG95|unreviewed|EKC/KEOPS|k147_1814281_flag_0_multi_5_0000_len_1302_222305|+|51|6.786e-10|1|213|815|213[213]:815[815]:603[603]
42620	594-303	0	4671	-1	A0A409YP78|unreviewed|Hydrophobin|taxID:181874|k147_1078665_flag_1_multi_5_0000_len_1062_97445|-|35|4.447e-05|1|292|594|594[594]:292[292]:303[303]
12374	2401+1386	0	3906	1	A0A366Q855|unreviewed|Aldedh|k147_150411_flag_0_multi_30_9036_len_3883_142689|+|194|6.086e-53|1|2401|3786|2401[2401]:3786[3786]:1386[1386]
52622	1116-981	0	4336	-1	A0A4T0FKI7|unreviewed|Arginine|k147_2153653_flag_1_multi_4_0000_len_1124_164230|-|156|1.673e-41|1|136|1116|1116[1116]:136[136]:981[981]
153823	1190-1191	0	3906	-1	A0A366Q855|unreviewed|Aldedh|k147_2257294_flag_1_multi_6_0000_len_1193_110035|-|233|1.107e-64|1|0|1190|1190[1190]:0[0]:1191[1191]
105476	1050-618	0	2355	-1	A0A162IG95|unreviewed|EKC/KEOPS|k147_77052_flag_0_multi_2_9822_len_1495_82605|-|59|2.651e-12|1|433|1050|1050[1050]:433[433]:618[618]
213922	1032-915	0	3906	-1	A0A366Q855|unreviewed|Aldedh|k147_2762631_flag_1_multi_4_0000_len_1107_7067|-|166|1.634e-44|1|118|1032|1032[1032]:118[118]:915[915]
230703	1340-987	0	3906	-1	A0A366Q855|unreviewed|Aldedh|k147_654223_flag_1_multi_3_0000_len_1341_37565|-|188|3.895e-51|1|354|1340|1340[1340]:354[354]:987[987]
96176	1517-1257	0	3906	-1	A0A366Q855|unreviewed|Aldedh|k147_2534374_flag_0_multi_10_0843_len_1594_38284|-|241|4.324e-67|1|261|1517|1517[1517]:261[261]:1257[1257]
49921	283+660	0	2355	1	A0A162IG95|unreviewed|EKC/KEOPS|k147_252155_flag_1_multi_3_9731_len_1485_77798|+|75|4.045e-17|1|283|942|283[283]:942[942]:660[660]
93495	1632-213	0	3307	-1	A0A4Q9P5L8|unreviewed|Hydrophobin|taxID:114155|k147_2926357_flag_1_multi_7_0000_len_1848_205771|-|35|4.447e-05|1|1420|1632|1632[1632]:1420[1420]:213[213]
230253	9730-1191	0	4336	-1	A0A4T0FKI7|unreviewed|Arginine|k147_709988_flag_0_multi_9_0000_len_10563_23165|-|235|2.768e-65|1|8540|9730|9730[9730]:8540[8540]:1191[1191]
33366	4210+1050	0	3906	1	A0A366Q855|unreviewed|Aldedh|k147_3771232_flag_0_multi_9_7253_len_5262_54596|+|159|2.091e-42|1|4210|5259|4210[4210]:5259[5259]:1050[1050]
152057	3154+636	0	2355	1	A0A162IG95|unreviewed|EKC/KEOPS|k147_1950120_flag_1_multi_11_0000_len_9149_53523|+|62|3.314e-13|1|3154|3789|3154[3154]:3789[3789]:636[636]
1024	411+591	0	2355	1	A0A162IG95|unreviewed|EKC/KEOPS|k147_1534452_flag_1_multi_4_0000_len_1193_32768|+|60|1.325e-12|1|411|1001|411[411]:1001[1001]:591[591]
30217	147+612	0	2355	1	A0A162IG95|unreviewed|EKC/KEOPS|k147_50187_flag_1_multi_8_0000_len_2157_207107|+|55|4.241e-11|1|147|758|147[147]:758[758]:612[612]
198052	748-630	0	2355	-1	A0A162IG95|unreviewed|EKC/KEOPS|k147_3056072_flag_1_multi_3_0000_len_1200_5721|-|50|1.357e-09|1|119|748|748[748]:119[119]:630[630]
236814	923-894	0	488	-1	A0A420TTB3|unreviewed|Aldedh|k147_2287318_flag_0_multi_2_9916_len_2999_233117|-|161|5.228e-43|1|30|923|923[923]:30[30]:894[894]
36462	1922-1419	0	3906	-1	A0A366Q855|unreviewed|Aldedh|k147_2326407_flag_1_multi_6_0000_len_2793_153668|-|299|1.5e-84|1|504|1922|1922[1922]:504[504]:1419[1419]
16335	211+603	0	2355	1	A0A162IG95|unreviewed|EKC/KEOPS|k147_3821922_flag_1_multi_5_0000_len_1187_16162|+|68|5.178e-15|1|211|813|211[211]:813[813]:603[603]
239227	127+1266	0	488	1	A0A420TTB3|unreviewed|Aldedh|k147_1422272_flag_1_multi_3_0000_len_1490_57086|+|208|3.715e-57|1|127|1392|127[127]:1392[1392]:1266[1266]
14715	1710-1155	0	3906	-1	A0A366Q855|unreviewed|Aldedh|k147_3809383_flag_1_multi_8_0000_len_1711_217601|-|162|2.614e-43|1|556|1710|1710[1710]:556[556]:1155[1155]
54203	70+255	0	3329	1	A0A8E2ASW1|unreviewed|Hydrophobin|taxID:1052685|k147_989242_flag_0_multi_28_7702_len_1609_214822|+|31|0.0007116|1|70|324|70[70]:324[324]:255[255]
124227	984-288	0	2273	-1	A0A397GCR2|unreviewed|10|k147_2918944_flag_1_multi_3_0000_len_1088_176079|-|70|1.294e-15|1|697|984|984[984]:697[697]:288[288]
124536	1767-1359	0	488	-1	A0A420TTB3|unreviewed|Aldedh|k147_982013_flag_1_multi_4_0000_len_2385_185967|-|248|3.378e-69|1|409|1767|1767[1767]:409[409]:1359[1359]
73176	793+204	0	3461	1	A0A2H3B6G5|unreviewed|Hydrophobin|taxID:1076256|k147_3303194_flag_1_multi_8_0000_len_1482_62121|+|33|0.0001779|1|793|996|793[793]:996[996]:204[204]
237221	2402-1350	0	3906	-1	A0A366Q855|unreviewed|Aldedh|k147_821452_flag_0_multi_6_9083_len_6428_246141|-|205|2.972e-56|1|1053|2402|2402[2402]:1053[1053]:1350[1350]
220870	683-201	0	3600	-1	A0A0C3A6H8|unreviewed|Hydrophobin|taxID:1036808|k147_1463768_flag_1_multi_5_0000_len_2022_229403|-|38|5.559e-06|1|483|683|683[683]:483[483]:201[201]
237243	690+249	0	36	1	A0A1X6N321|unreviewed|Hydrophobin|taxID:670580|k147_996603_flag_1_multi_8_0000_len_1054_246845|+|32|0.0003558|1|690|938|690[690]:938[938]:249[249]
72220	1143-630	0	2355	-1	A0A162IG95|unreviewed|EKC/KEOPS|k147_300193_flag_1_multi_3_0000_len_1250_31529|-|56|2.121e-11|1|514|1143|1143[1143]:514[514]:630[630]
62801	1205-696	0	4972	-1	A0A0C9VP92|unreviewed|4-nitrophenylphosphatase|taxID:990650|k147_114913_flag_1_multi_6_0000_len_1457_236679|-|104|7.534e-26|1|510|1205|1205[1205]:510[510]:696[696]
100313	4152-1347	0	3906	-1	A0A366Q855|unreviewed|Aldedh|k147_4032829_flag_0_multi_13_0000_len_4155_170668|-|245|2.703e-68|1|2806|4152|4152[4152]:2806[2806]:1347[1347]
152433	3067-600	0	2355	-1	A0A162IG95|unreviewed|EKC/KEOPS|k147_3950044_flag_0_multi_6_9083_len_3245_65555|-|54|8.483e-11|1|2468|3067|3067[3067]:2468[2468]:600[600]
131128	1144-108	0	5237	-1	E2LNR9|unreviewed|Hydrophobin|taxID:554373|k147_561414_flag_0_multi_8_0000_len_2840_143632|-|32|0.0003558|1|1037|1144|1144[1144]:1037[1037]:108[108]
240228	120+705	0	2355	1	A0A162IG95|unreviewed|EKC/KEOPS|k147_1546949_flag_1_multi_3_0000_len_1206_89118|+|44|8.686e-08|1|120|824|120[120]:824[824]:705[705]
72844	2+996	0	488	1	A0A420TTB3|unreviewed|Aldedh|k147_3653174_flag_1_multi_3_0000_len_1011_51497|+|158|4.182e-42|1|2|997|2[2]:997[997]:996[996]
58104	598+192	0	4891	1	A8NNA1|unreviewed|Hydrophobin|taxID:240176|k147_2485915_flag_1_multi_7_0000_len_1099_86375|+|33|0.0001779|1|598|789|598[598]:789[789]:192[192]
45067	11+894	0	488	1	A0A420TTB3|unreviewed|Aldedh|k147_2860659_flag_1_multi_5_0000_len_2778_175749|+|179|1.994e-48|1|11|904|11[11]:904[904]:894[894]
247537	48+1056	0	3906	1	A0A366Q855|unreviewed|Aldedh|k147_3010966_flag_1_multi_2_0000_len_1462_69759|+|158|4.182e-42|1|48|1103|48[48]:1103[1103]:1056[1056]
181240	101+153	0	1740	1	A0A1C7MLI3|unreviewed|Hydrophobin|taxID:5627|k147_1521470_flag_1_multi_1_0000_len_1139_227542|+|31|0.0007116|1|101|253|101[101]:253[253]:153[153]
163992	1361-1149	0	4336	-1	A0A4T0FKI7|unreviewed|Arginine|k147_335399_flag_1_multi_13_0000_len_6903_182164|-|225|2.834e-62|1|213|1361|1361[1361]:213[213]:1149[1149]
52717	583+192	0	5339	1	A0A2H3BQJ2|unreviewed|Hydrophobin|taxID:1076256|k147_273606_flag_0_multi_15_0000_len_3418_167270|+|31|0.0007116|1|583|774|583[583]:774[774]:192[192]
103249	293+603	0	2355	1	A0A162IG95|unreviewed|EKC/KEOPS|k147_1353741_flag_1_multi_5_0000_len_1235_11341|+|55|4.241e-11|1|293|895|293[293]:895[895]:603[603]
251197	4147-243	0	4473	-1	A0A165VW30|unreviewed|Hydrophobin|taxID:1314782|k147_1629082_flag_0_multi_11_0000_len_5042_186879|-|36|2.224e-05|1|3905|4147|4147[4147]:3905[3905]:243[243]
66240	340+1380	0	3906	1	A0A366Q855|unreviewed|Aldedh|k147_902149_flag_0_multi_6_0000_len_2187_93448|+|164|6.535e-44|1|340|1719|340[340]:1719[1719]:1380[1380]
151820	7+231	0	4841	1	A0A409XTU0|unreviewed|Hydrophobin|taxID:93625|k147_655931_flag_1_multi_5_0000_len_2129_45939|+|31|0.0007116|1|7|237|7[7]:237[237]:231[231]
95195	1368-1251	0	3906	-1	A0A366Q855|unreviewed|Aldedh|k147_236467_flag_1_multi_2_0000_len_1371_6892|-|104|7.534e-26|1|118|1368|1368[1368]:118[118]:1251[1251]
210712	124+765	0	2355	1	A0A162IG95|unreviewed|EKC/KEOPS|k147_3971267_flag_1_multi_2_0000_len_1075_157594|+|47|1.086e-08|1|124|888|124[124]:888[888]:765[765]
36521	1260-708	0	4972	-1	A0A0C9VP92|unreviewed|4-nitrophenylphosphatase|taxID:990650|k147_2151432_flag_1_multi_6_0000_len_1823_155556|-|98|4.822e-24|1|553|1260|1260[1260]:553[553]:708[708]
146727	884-219	0	359	-1	A0A0D0BGC9|unreviewed|Hydrophobin|taxID:944289|k147_1616711_flag_0_multi_6_4284_len_1571_136242|-|32|0.0003558|1|666|884|884[884]:666[666]:219[219]
190460	1+1122	0	4336	1	A0A4T0FKI7|unreviewed|Arginine|k147_2177202_flag_0_multi_25_9901_len_2665_16024|+|253|1.056e-70|1|1|1122|1[1]:1122[1122]:1122[1122]
174360	2496+174	0	2531	1	A0A1V1T3R0|unreviewed|Hydrophobin|taxID:1813822|k147_3350149_flag_0_multi_11_7308_len_3453_7382|+|31|0.0007116|1|2496|2669|2496[2496]:2669[2669]:174[174]
42573	1215-1215	0	3906	-1	A0A366Q855|unreviewed|Aldedh|k147_2664898_flag_1_multi_7_0000_len_1294_95941|-|268|3.222e-75|1|1|1215|1215[1215]:1[1]:1215[1215]
180162	1411-231	0	3778	-1	A0A0D0ATG1|unreviewed|Hydrophobin|taxID:944289|k147_2746522_flag_1_multi_5_4764_len_1990_193046|-|31|0.0007116|1|1181|1411|1411[1411]:1181[1181]:231[231]
11623	2261+1395	0	3906	1	A0A366Q855|unreviewed|Aldedh|k147_2670134_flag_1_multi_11_0000_len_4011_118657|+|288|3.073e-81|1|2261|3655|2261[2261]:3655[3655]:1395[1395]
49917	1050-609	0	2355	-1	A0A162IG95|unreviewed|EKC/KEOPS|k147_2366882_flag_1_multi_5_7017_len_1052_77670|-|59|2.651e-12|1|442|1050|1050[1050]:442[442]:609[609]
195741	328+240	0	4884	1	A0A8H6ZYK6|unreviewed|Hydrophobin|taxID:5322|k147_394771_flag_1_multi_2_0000_len_1004_185016|+|34|8.895e-05|1|328|567|328[328]:567[567]:240[240]
236494	248+636	0	2355	1	A0A162IG95|unreviewed|EKC/KEOPS|k147_3692933_flag_1_multi_7_0000_len_2067_222877|+|62|3.314e-13|1|248|883|248[248]:883[883]:636[636]
206390	2019-1209	0	3410	-1	A0A8H7B8Y1|unreviewed|Amino|k147_3763709_flag_1_multi_4_0000_len_2031_19290|-|137|8.771e-36|1|811|2019|2019[2019]:811[811]:1209[1209]
8346	305+1434	0	3906	1	A0A366Q855|unreviewed|Aldedh|k147_3153_flag_0_multi_10_0000_len_2140_13793|+|224|5.668e-62|1|305|1738|305[305]:1738[1738]:1434[1434]
148684	2892-1494	0	5219	-1	A0A8H5LYN2|unreviewed|COesterase|k147_751764_flag_1_multi_5_7002_len_3082_198866|-|75|4.045e-17|1|1399|2892|2892[2892]:1399[1399]:1494[1494]
19506	880-597	0	2355	-1	A0A162IG95|unreviewed|EKC/KEOPS|k147_144371_flag_1_multi_3_0000_len_1938_117634|-|60|1.325e-12|1|284|880|880[880]:284[284]:597[597]
83443	259+1215	0	4336	1	A0A4T0FKI7|unreviewed|Arginine|k147_2146823_flag_1_multi_6_0000_len_1474_137386|+|250|8.446e-70|1|259|1473|259[259]:1473[1473]:1215[1215]
231493	270+603	0	2355	1	A0A162IG95|unreviewed|EKC/KEOPS|k147_3420601_flag_0_multi_7_3448_len_2244_62845|+|67|1.036e-14|1|270|872|270[270]:872[872]:603[603]
197062	980-630	0	2355	-1	A0A162IG95|unreviewed|EKC/KEOPS|k147_1110061_flag_1_multi_3_0000_len_1282_227288|-|38|5.559e-06|1|351|980|980[980]:351[351]:630[630]
197690	1119+600	0	2355	1	A0A162IG95|unreviewed|EKC/KEOPS|k147_2290494_flag_1_multi_4_0000_len_1909_247384|+|47|1.086e-08|1|1119|1718|1119[1119]:1718[1718]:600[600]
239042	1036-960	0	4336	-1	A0A4T0FKI7|unreviewed|Arginine|k147_1773392_flag_1_multi_5_0000_len_1039_51166|-|205|2.972e-56|1|77|1036|1036[1036]:77[77]:960[960]
10850	186+1149	0	4336	1	A0A4T0FKI7|unreviewed|Arginine|k147_1430723_flag_1_multi_9_0000_len_1514_93921|+|248|3.378e-69|1|186|1334|186[186]:1334[1334]:1149[1149]
245612	1427-144	0	4746	-1	A0A0D2A3Q2|unreviewed|Hydrophobin|taxID:253628|k147_1822957_flag_1_multi_10_0000_len_1964_8159|-|33|0.0001779|1|1284|1427|1427[1427]:1284[1284]:144[144]
141342	659-636	0	2355	-1	A0A162IG95|unreviewed|EKC/KEOPS|k147_110081_flag_1_multi_3_0000_len_1065_217201|-|67|1.036e-14|1|24|659|659[659]:24[24]:636[636]
204372	798+138	0	105	1	A9X633|unreviewed|Hydrophobin|taxID:71150|k147_3161284_flag_1_multi_4_0000_len_1944_207961|+|31|0.0007116|1|798|935|798[798]:935[935]:138[138]
76188	1876-603	0	2355	-1	A0A162IG95|unreviewed|EKC/KEOPS|k147_2562358_flag_1_multi_9_0000_len_2152_158505|-|43|1.737e-07|1|1274|1876|1876[1876]:1274[1274]:603[603]
169658	19+1005	0	3906	1	A0A366Q855|unreviewed|Aldedh|k147_3901069_flag_1_multi_6_0000_len_1606_110197|+|190|9.738e-52|1|19|1023|19[19]:1023[1023]:1005[1005]
46910	356-240	0	1461	-1	A0A8H5XL93|unreviewed|Hydrophobin|taxID:48507|k147_1934690_flag_1_multi_8_0000_len_2471_234725|-|31|0.0007116|1|117|356|356[356]:117[117]:240[240]
248417	1573-222	0	1373	-1	A0A067TCT8|unreviewed|Hydrophobin|taxID:685588|k147_2841654_flag_1_multi_4_0000_len_2359_97919|-|33|0.0001779|1|1352|1573|1573[1573]:1352[1352]:222[222]
247050	1150+1143	0	4336	1	A0A4T0FKI7|unreviewed|Arginine|k147_2067998_flag_1_multi_1_9945_len_2516_54175|+|266|1.289e-74|1|1150|2292|1150[1150]:2292[2292]:1143[1143]
29431	1663-1143	0	4336	-1	A0A4T0FKI7|unreviewed|Arginine|k147_2626680_flag_1_multi_3_9399_len_1994_181955|-|254|5.279e-71|1|521|1663|1663[1663]:521[521]:1143[1143]
203555	1052-933	0	488	-1	A0A420TTB3|unreviewed|Aldedh|k147_2392122_flag_1_multi_2_0000_len_1180_181817|-|114|7.358e-29|1|120|1052|1052[1052]:120[120]:933[933]
59325	1136-615	0	2355	-1	A0A162IG95|unreviewed|EKC/KEOPS|k147_2202292_flag_1_multi_5_0000_len_1223_125447|-|48|5.429e-09|1|522|1136|1136[1136]:522[522]:615[615]
87935	1738-609	0	2355	-1	A0A162IG95|unreviewed|EKC/KEOPS|k147_1768257_flag_1_multi_9_0000_len_1950_27851|-|65|4.142e-14|1|1130|1738|1738[1738]:1130[1130]:609[609]
93839	8737+1431	0	3906	1	A0A366Q855|unreviewed|Aldedh|k147_3281651_flag_0_multi_25_7527_len_17759_216779|+|369|1.271e-105|1|8737|10167|8737[8737]:10167[10167]:1431[1431]
56588	1950-1140	0	3906	-1	A0A366Q855|unreviewed|Aldedh|k147_1007030_flag_1_multi_4_0000_len_1953_37863|-|323|8.943e-92|1|811|1950|1950[1950]:811[811]:1140[1140]
25124	1799-618	0	2355	-1	A0A162IG95|unreviewed|EKC/KEOPS|k147_68311_flag_1_multi_7_0000_len_1975_44131|-|78|5.056e-18|1|1182|1799|1799[1799]:1182[1182]:618[618]
109847	1098+615	0	2355	1	A0A162IG95|unreviewed|EKC/KEOPS|k147_640007_flag_1_multi_5_0000_len_1892_222477|+|59|2.651e-12|1|1098|1712|1098[1098]:1712[1712]:615[615]
207556	2836-1377	0	3906	-1	A0A366Q855|unreviewed|Aldedh|k147_1774613_flag_1_multi_8_0000_len_3943_56602|-|192|2.434e-52|1|1460|2836|2836[2836]:1460[1460]:1377[1377]
218626	3399-1182	0	4776	-1	A0A8H5SF17|unreviewed|PA14|k147_1739133_flag_1_multi_14_5242_len_18845_157595|-|39|2.78e-06|1|2218|3399|3399[3399]:2218[2218]:1182[1182]
86341	445+1260	0	488	1	A0A420TTB3|unreviewed|Aldedh|k147_582684_flag_1_multi_4_0000_len_2015_230122|+|196|1.522e-53|1|445|1704|445[445]:1704[1704]:1260[1260]
64639	3435-1428	0	488	-1	A0A420TTB3|unreviewed|Aldedh|k147_3592900_flag_1_multi_9_7387_len_4900_42216|-|257|6.599e-72|1|2008|3435|3435[3435]:2008[2008]:1428[1428]
157197	214+612	0	2355	1	A0A162IG95|unreviewed|EKC/KEOPS|k147_3868219_flag_1_multi_4_0000_len_1465_218003|+|61|6.627e-13|1|214|825|214[214]:825[825]:612[612]
148506	702-537	0	572	-1	A0A4R0RCR0|unreviewed|HDc|k147_1396262_flag_1_multi_4_6511_len_1626_193170|-|51|6.786e-10|1|166|702|702[702]:166[166]:537[537]
169912	806-210	0	5138	-1	A0A0C3E8V7|unreviewed|Hydrophobin|taxID:1036808|k147_1612547_flag_0_multi_12_0000_len_3580_118325|-|31|0.0007116|1|597|806|806[806]:597[597]:210[210]
174589	1452-927	0	3906	-1	A0A366Q855|unreviewed|Aldedh|k147_2705506_flag_0_multi_1_9908_len_1454_14710|-|122|2.874e-31|1|526|1452|1452[1452]:526[526]:927[927]
2804	1964-957	0	4336	-1	A0A4T0FKI7|unreviewed|Arginine|k147_20613_flag_0_multi_3_6934_len_1967_89728|-|213|1.161e-58|1|1008|1964|1964[1964]:1008[1008]:957[957]
87272	157+609	0	2355	1	A0A162IG95|unreviewed|EKC/KEOPS|k147_1235171_flag_1_multi_4_0000_len_1087_6635|+|71|6.472e-16|1|157|765|157[157]:765[765]:609[609]
24577	1312-168	0	2061	-1	A0A0C2Y2S1|unreviewed|Hydrophobin|taxID:686832|k147_1239418_flag_0_multi_7_9961_len_2209_26627|-|35|4.447e-05|1|1145|1312|1312[1312]:1145[1145]:168[168]
105817	1279-936	0	3906	-1	A0A366Q855|unreviewed|Aldedh|k147_3016372_flag_1_multi_3_0000_len_1288_93517|-|177|7.977e-48|1|344|1279|1279[1279]:344[344]:936[936]
246965	166+1071	0	488	1	A0A420TTB3|unreviewed|Aldedh|k147_3065813_flag_1_multi_4_0000_len_1237_51455|+|184|6.232e-50|1|166|1236|166[166]:1236[1236]:1071[1071]
90783	5277-603	0	2355	-1	A0A162IG95|unreviewed|EKC/KEOPS|k147_1965143_flag_1_multi_12_0000_len_5835_118987|-|70|1.294e-15|1|4675|5277|5277[5277]:4675[4675]:603[603]
110827	1534-1395	0	3906	-1	A0A366Q855|unreviewed|Aldedh|k147_1410086_flag_1_multi_5_0000_len_1735_558|-|416|9.03e-120|1|140|1534|1534[1534]:140[140]:1395[1395]
198311	346+1119	0	4336	1	A0A4T0FKI7|unreviewed|Arginine|k147_649046_flag_0_multi_35_9331_len_6421_14009|+|206|1.486e-56|1|346|1464|346[346]:1464[1464]:1119[1119]
117967	94+651	0	2355	1	A0A162IG95|unreviewed|EKC/KEOPS|k147_2403797_flag_1_multi_4_0000_len_2408_229038|+|42|3.475e-07|1|94|744|94[94]:744[744]:651[651]
94396	183+603	0	2355	1	A0A162IG95|unreviewed|EKC/KEOPS|k147_290632_flag_1_multi_4_0000_len_1448_234603|+|57|1.06e-11|1|183|785|183[183]:785[785]:603[603]
89093	2720-264	0	2946	-1	A0A2A9NF67|unreviewed|Hydrophobin|taxID:703135|k147_483724_flag_1_multi_15_0000_len_7385_64907|-|31|0.0007116|1|2457|2720|2720[2720]:2457[2457]:264[264]
75652	3754-273	0	5397	-1	A0A8I2YHX0|unreviewed|Hydrophobin|taxID:495285|k147_1088923_flag_0_multi_40_7374_len_8524_141353|-|32|0.0003558|1|3482|3754|3754[3754]:3482[3482]:273[273]
104715	1290-666	0	4972	-1	A0A0C9VP92|unreviewed|4-nitrophenylphosphatase|taxID:990650|k147_3948419_flag_1_multi_143_0770_len_4562_58253|-|111|5.886e-28|1|625|1290|1290[1290]:625[625]:666[666]
157469	619-603	0	2355	-1	A0A162IG95|unreviewed|EKC/KEOPS|k147_2226990_flag_1_multi_7_0000_len_1376_226707|-|44|8.686e-08|1|17|619|619[619]:17[17]:603[603]
42493	1240-1239	0	488	-1	A0A420TTB3|unreviewed|Aldedh|k147_2018650_flag_0_multi_33_0360_len_1482_93381|-|366|1.017e-104|1|2|1240|1240[1240]:2[2]:1239[1239]
208010	1040-249	0	3851	-1	A0A8H5GBS4|unreviewed|Hydrophobin|taxID:201217|k147_3539806_flag_1_multi_5_0000_len_1293_71130|-|33|0.0001779|1|792|1040|1040[1040]:792[792]:249[249]
222959	1185-270	0	2273	-1	A0A397GCR2|unreviewed|10|k147_1477724_flag_1_multi_6_0000_len_1670_43004|-|57|1.06e-11|1|916|1185|1185[1185]:916[916]:270[270]
223222	2015-447	0	3965	-1	A0A1M2V347|unreviewed|Hydrophobin|taxID:154538|k147_2008803_flag_0_multi_6_8576_len_2478_51420|-|34|8.895e-05|1|1569|2015|2015[2015]:1569[1569]:447[447]
128765	25+618	0	2355	1	A0A162IG95|unreviewed|EKC/KEOPS|k147_73699_flag_1_multi_4_0000_len_1454_68016|+|62|3.314e-13|1|25|642|25[25]:642[642]:618[618]
88745	3071-657	0	2355	-1	A0A162IG95|unreviewed|EKC/KEOPS|k147_893202_flag_0_multi_37_5736_len_3271_53771|-|74|8.09e-17|1|2415|3071|3071[3071]:2415[2415]:657[657]
232231	23+1005	0	4336	1	A0A4T0FKI7|unreviewed|Arginine|k147_3954619_flag_1_multi_3_0000_len_1119_86461|+|218|3.628e-60|1|23|1027|23[23]:1027[1027]:1005[1005]
234041	107+1143	0	4336	1	A0A4T0FKI7|unreviewed|Arginine|k147_2441313_flag_1_multi_2_5386_len_1326_144381|+|241|4.324e-67|1|107|1249|107[107]:1249[1249]:1143[1143]
226417	453+1386	0	3906	1	A0A366Q855|unreviewed|Aldedh|k147_1561946_flag_0_multi_9_0000_len_2149_153660|+|243|1.081e-67|1|453|1838|453[453]:1838[1838]:1386[1386]
11614	138+615	0	2355	1	A0A162IG95|unreviewed|EKC/KEOPS|k147_2317771_flag_1_multi_10_0000_len_2236_118369|+|62|3.314e-13|1|138|752|138[138]:752[752]:615[615]
213260	1262-609	0	2355	-1	A0A162IG95|unreviewed|EKC/KEOPS|k147_407891_flag_0_multi_7_4356_len_3299_239130|-|58|5.302e-12|1|654|1262|1262[1262]:654[654]:609[609]
123651	1669-612	0	2355	-1	A0A162IG95|unreviewed|EKC/KEOPS|k147_2620619_flag_1_multi_8_5363_len_1896_157647|-|61|6.627e-13|1|1058|1669|1669[1669]:1058[1058]:612[612]
14877	2789+615	0	2355	1	A0A162IG95|unreviewed|EKC/KEOPS|k147_2753724_flag_1_multi_9_0000_len_4016_222785|+|58|5.302e-12|1|2789|3403|2789[2789]:3403[3403]:615[615]
20864	535+1251	0	3906	1	A0A366Q855|unreviewed|Aldedh|k147_3795695_flag_1_multi_4_0000_len_1817_161090|+|222|2.267e-61|1|535|1785|535[535]:1785[1785]:1251[1251]
144158	838-639	0	2355	-1	A0A162IG95|unreviewed|EKC/KEOPS|k147_775232_flag_1_multi_2_0000_len_1397_54034|-|57|1.06e-11|1|200|838|838[838]:200[200]:639[639]
167349	1030+603	0	2355	1	A0A162IG95|unreviewed|EKC/KEOPS|k147_1711335_flag_1_multi_5_0000_len_1654_36309|+|52|3.393e-10|1|1030|1632|1030[1030]:1632[1632]:603[603]
167556	2983-630	0	2355	-1	A0A162IG95|unreviewed|EKC/KEOPS|k147_1653901_flag_1_multi_9_0000_len_3089_42933|-|60|1.325e-12|1|2354|2983|2983[2983]:2354[2354]:630[630]
250078	1403-1062	0	4336	-1	A0A4T0FKI7|unreviewed|Arginine|k147_1033557_flag_1_multi_2_0000_len_1426_151071|-|232|2.214e-64|1|342|1403|1403[1403]:342[342]:1062[1062]
77116	286+600	0	2355	1	A0A162IG95|unreviewed|EKC/KEOPS|k147_1864651_flag_1_multi_3_0000_len_1081_188201|+|44|8.686e-08|1|286|885|286[286]:885[885]:600[600]
109606	4+1143	0	3906	1	A0A366Q855|unreviewed|Aldedh|k147_638096_flag_1_multi_6_0000_len_1183_214765|+|333|8.733e-95|1|4|1146|4[4]:1146[1146]:1143[1143]
210185	449+615	0	2355	1	A0A162IG95|unreviewed|EKC/KEOPS|k147_795381_flag_0_multi_10_0000_len_2065_140730|+|61|6.627e-13|1|449|1063|449[449]:1063[1063]:615[615]
37977	841-183	0	5096	-1	A0A2A9PH53|unreviewed|Hydrophobin|taxID:268505|k147_986038_flag_1_multi_5_0000_len_1479_202148|-|31|0.0007116|1|659|841|841[841]:659[659]:183[183]
93885	9+984	0	4336	1	A0A4T0FKI7|unreviewed|Arginine|k147_2871126_flag_0_multi_1_0000_len_1032_218251|+|226|1.417e-62|1|9|992|9[9]:992[992]:984[984]
145237	1143-1143	0	3906	-1	A0A366Q855|unreviewed|Aldedh|k147_196244_flag_1_multi_2_0000_len_1145_88562|-|199|1.902e-54|1|1|1143|1143[1143]:1[1]:1143[1143]
250281	61+612	0	2355	1	A0A162IG95|unreviewed|EKC/KEOPS|k147_3090703_flag_1_multi_1_0000_len_1337_157567|+|49|2.715e-09|1|61|672|61[61]:672[672]:612[612]
193185	373+255	0	1674	1	A0A1G4BHL0|unreviewed|Fungal|k147_3664675_flag_1_multi_2_7987_len_1200_103224|+|33|0.0001779|1|373|627|373[373]:627[627]:255[255]
224898	682+633	0	2355	1	A0A162IG95|unreviewed|EKC/KEOPS|k147_24280_flag_1_multi_2_0000_len_1316_105052|+|52|3.393e-10|1|682|1314|682[682]:1314[1314]:633[633]
103116	38+1344	0	488	1	A0A420TTB3|unreviewed|Aldedh|k147_3820152_flag_1_multi_4_0000_len_1519_7085|+|209|1.857e-57|1|38|1381|38[38]:1381[1381]:1344[1344]
241817	1092+1389	0	3906	1	A0A366Q855|unreviewed|Aldedh|k147_619842_flag_1_multi_23_9506_len_6667_139966|+|292|1.92e-82|1|1092|2480|1092[1092]:2480[2480]:1389[1389]
230876	273+1383	0	3906	1	A0A366Q855|unreviewed|Aldedh|k147_1360458_flag_1_multi_6_0000_len_1999_43101|+|267|6.444e-75|1|273|1655|273[273]:1655[1655]:1383[1383]
231161	104+1011	0	488	1	A0A420TTB3|unreviewed|Aldedh|k147_2361162_flag_1_multi_9_0000_len_1462_52221|+|190|9.738e-52|1|104|1114|104[104]:1114[1114]:1011[1011]
20051	85+933	0	4336	1	A0A4T0FKI7|unreviewed|Arginine|k147_1616438_flag_1_multi_5_0000_len_1101_135074|+|214|5.804e-59|1|85|1017|85[85]:1017[1017]:933[933]
102591	937+171	0	4478	1	A0A1M2VCQ2|unreviewed|Hydrophobin|taxID:154538|k147_175502_flag_0_multi_9_9270_len_1627_243564|+|34|8.895e-05|1|937|1107|937[937]:1107[1107]:171[171]
242335	1118-906	0	3906	-1	A0A366Q855|unreviewed|Aldedh|k147_505302_flag_1_multi_7_0000_len_1119_156542|-|198|3.804e-54|1|213|1118|1118[1118]:213[213]:906[906]
118882	7+1161	0	3906	1	A0A366Q855|unreviewed|Aldedh|k147_823573_flag_0_multi_7_9952_len_2218_5039|+|239|1.73e-66|1|7|1167|7[7]:1167[1167]:1161[1161]
83504	924+1251	0	3410	1	A0A8H7B8Y1|unreviewed|Amino|k147_1793830_flag_1_multi_9_0000_len_2764_139338|+|139|2.193e-36|1|924|2174|924[924]:2174[2174]:1251[1251]
175053	499+1131	0	488	1	A0A420TTB3|unreviewed|Aldedh|k147_1416327_flag_1_multi_3_0000_len_1633_29558|+|166|1.634e-44|1|499|1629|499[499]:1629[1629]:1131[1131]
183977	1484-603	0	2355	-1	A0A162IG95|unreviewed|EKC/KEOPS|k147_776949_flag_0_multi_8_0000_len_2983_61847|-|63|1.657e-13|1|882|1484|1484[1484]:882[882]:603[603]
70863	441+162	0	4096	1	A7LNX0|unreviewed|Hydrophobin|taxID:29875|k147_3521507_flag_1_multi_7_0000_len_1967_241384|+|32|0.0003558|1|441|602|441[441]:602[602]:162[162]
54567	107+1404	0	3906	1	A0A366Q855|unreviewed|Aldedh|k147_698961_flag_1_multi_4_0000_len_1518_226470|+|192|2.434e-52|1|107|1510|107[107]:1510[1510]:1404[1404]
156139	1185+606	0	2355	1	A0A162IG95|unreviewed|EKC/KEOPS|k147_1452573_flag_1_multi_4_0000_len_2053_184147|+|55|4.241e-11|1|1185|1790|1185[1185]:1790[1790]:606[606]
62546	2112-1050	0	4336	-1	A0A4T0FKI7|unreviewed|Arginine|k147_3518600_flag_0_multi_159_0000_len_3804_228519|-|207|7.429e-57|1|1063|2112|2112[2112]:1063[1063]:1050[1050]
112788	412+606	0	2355	1	A0A162IG95|unreviewed|EKC/KEOPS|k147_3831758_flag_1_multi_8_9158_len_2523_63310|+|62|3.314e-13|1|412|1017|412[412]:1017[1017]:606[606]
45142	2+1110	0	943	1	A0A8H5F0J4|unreviewed|Tubulin|k147_42555_flag_1_multi_7_0000_len_1119_178149|+|317|5.723e-90|1|2|1111|2[2]:1111[1111]:1110[1110]
105236	812-666	0	4972	-1	A0A0C9VP92|unreviewed|4-nitrophenylphosphatase|taxID:990650|k147_2542555_flag_0_multi_1_0000_len_1431_74925|-|117|9.197e-30|1|147|812|812[812]:147[147]:666[666]
174668	344+957	0	4336	1	A0A4T0FKI7|unreviewed|Arginine|k147_473483_flag_1_multi_7_0000_len_1327_17238|+|216|1.451e-59|1|344|1300|344[344]:1300[1300]:957[957]
151528	888-618	0	2355	-1	A0A162IG95|unreviewed|EKC/KEOPS|k147_301281_flag_1_multi_2_0000_len_1007_36595|-|53|1.697e-10|1|271|888|888[888]:271[271]:618[618]
38940	1094-1047	0	4336	-1	A0A4T0FKI7|unreviewed|Arginine|k147_2111204_flag_0_multi_19_9962_len_2747_232964|-|202|2.377e-55|1|48|1094|1094[1094]:48[48]:1047[1047]
59212	1594-1272	0	2494	-1	A0A8J2N5C9|unreviewed|GMC_OxRdtase_N|k147_204223_flag_1_multi_4_0000_len_1801_121831|-|105|3.767e-26|1|323|1594|1594[1594]:323[323]:1272[1272]
223092	1160-1161	0	1980	-1	A0A8H7XW47|unreviewed|GMC_OxRdtase_N|k147_1067223_flag_1_multi_4_0000_len_1212_47260|-|113|1.472e-28|1|0|1160|1160[1160]:0[0]:1161[1161]
223992	1651+633	0	2355	1	A0A162IG95|unreviewed|EKC/KEOPS|k147_3893403_flag_1_multi_6_0000_len_2649_76060|+|55|4.241e-11|1|1651|2283|1651[1651]:2283[2283]:633[633]
38052	17+1017	0	4336	1	A0A4T0FKI7|unreviewed|Arginine|k147_3395871_flag_1_multi_2_0000_len_1099_204548|+|192|2.434e-52|1|17|1033|17[17]:1033[1033]:1017[1017]
126129	265-153	0	4307	-1	A0A1M2VBT3|unreviewed|Hydrophobin|taxID:154538|k147_1054266_flag_1_multi_10_0000_len_4954_236943|-|31|0.0007116|1|113|265|265[265]:113[113]:153[153]
2371	390+597	0	2355	1	A0A162IG95|unreviewed|EKC/KEOPS|k147_2542789_flag_1_multi_4_0000_len_1036_75872|+|61|6.627e-13|1|390|986|390[390]:986[986]:597[597]
190966	0+591	0	2355	1	A0A162IG95|unreviewed|EKC/KEOPS|k147_3355310_flag_0_multi_26_0000_len_1245_32216|+|64|8.284e-14|1|0|590|0[0]:590[590]:591[591]
246159	1502-1245	0	3410	-1	A0A8H7B8Y1|unreviewed|Amino|k147_298958_flag_1_multi_7_0000_len_2030_25663|-|150|1.071e-39|1|258|1502|1502[1502]:258[258]:1245[1245]
251904	1238-1143	0	4336	-1	A0A4T0FKI7|unreviewed|Arginine|k147_3103824_flag_1_multi_3_0000_len_1240_209503|-|239|1.73e-66|1|96|1238|1238[1238]:96[96]:1143[1143]
132945	1481-1359	0	3906	-1	A0A366Q855|unreviewed|Aldedh|k147_869827_flag_1_multi_4_0000_len_1905_201776|-|189|1.948e-51|1|123|1481|1481[1481]:123[123]:1359[1359]
8664	733-606	0	2355	-1	A0A162IG95|unreviewed|EKC/KEOPS|k147_2178875_flag_0_multi_12_8083_len_1743_23969|-|71|6.472e-16|1|128|733|733[733]:128[128]:606[606]
52592	178+603	0	2355	1	A0A162IG95|unreviewed|EKC/KEOPS|k147_3913722_flag_1_multi_12_0000_len_1015_163270|+|70|1.294e-15|1|178|780|178[178]:780[780]:603[603]
141957	19+615	0	2355	1	A0A162IG95|unreviewed|EKC/KEOPS|k147_819294_flag_1_multi_2_0000_len_1063_236881|+|64|8.284e-14|1|19|633|19[19]:633[633]:615[615]
89332	745-180	0	565	-1	A0A409VRL5|unreviewed|Hydrophobin|taxID:231916|k147_720836_flag_1_multi_5_0000_len_2014_72555|-|32|0.0003558|1|566|745|745[745]:566[566]:180[180]
100496	1593-1125	0	4336	-1	A0A4T0FKI7|unreviewed|Arginine|k147_3858049_flag_1_multi_3_8870_len_1634_176524|-|212|2.322e-58|1|469|1593|1593[1593]:469[469]:1125[1125]
210439	665+603	0	2355	1	A0A162IG95|unreviewed|EKC/KEOPS|k147_3029664_flag_1_multi_5_0000_len_1442_148858|+|49|2.715e-09|1|665|1267|665[665]:1267[1267]:603[603]
143788	1787-672	0	4972	-1	A0A0C9VP92|unreviewed|4-nitrophenylphosphatase|taxID:990650|k147_3181094_flag_1_multi_3_0000_len_1858_42194|-|109|2.354e-27|1|1116|1787|1787[1787]:1116[1116]:672[672]
77890	96+819	0	4972	1	A0A0C9VP92|unreviewed|4-nitrophenylphosphatase|taxID:990650|k147_285285_flag_1_multi_6_0000_len_1078_212969|+|55|4.241e-11|1|96|914|96[96]:914[914]:819[819]
164427	1090-654	0	2355	-1	A0A162IG95|unreviewed|EKC/KEOPS|k147_3862999_flag_1_multi_3_0000_len_1211_196084|-|55|4.241e-11|1|437|1090|1090[1090]:437[437]:654[654]
87454	1810-612	0	2355	-1	A0A162IG95|unreviewed|EKC/KEOPS|k147_883902_flag_1_multi_3_7581_len_3247_12459|-|57|1.06e-11|1|1199|1810|1810[1810]:1199[1199]:612[612]
40548	74+960	0	3906	1	A0A366Q855|unreviewed|Aldedh|k147_652750_flag_0_multi_12_8382_len_1037_31141|+|168|4.084e-45|1|74|1033|74[74]:1033[1033]:960[960]
195841	632-279	0	3331	-1	A0A8H4HK08|unreviewed|10|k147_3274703_flag_1_multi_8_0000_len_1469_188216|-|65|4.142e-14|1|354|632|632[632]:354[354]:279[279]
75666	1435-1398	0	3906	-1	A0A366Q855|unreviewed|Aldedh|k147_1442134_flag_1_multi_7_0000_len_1619_141801|-|174|6.382e-47|1|38|1435|1435[1435]:38[38]:1398[1398]
182041	354+1032	0	3906	1	A0A366Q855|unreviewed|Aldedh|k147_1762344_flag_1_multi_9_0000_len_1811_253174|+|102|3.014e-25|1|354|1385|354[354]:1385[1385]:1032[1032]
186823	5+873	0	3906	1	A0A366Q855|unreviewed|Aldedh|k147_2443338_flag_1_multi_6_0000_len_1155_152919|+|184|6.232e-50|1|5|877|5[5]:877[877]:873[873]
243318	152+1143	0	4336	1	A0A4T0FKI7|unreviewed|Arginine|k147_2686641_flag_1_multi_5_9545_len_4758_187998|+|259|1.65e-72|1|152|1294|152[152]:1294[1294]:1143[1143]
23966	27+150	0	4084	1	A0A6A6EYF7|unreviewed|Hydrophobin|k147_1411363_flag_1_multi_3_0000_len_1214_7075|+|31|0.0007116|1|27|176|27[27]:176[176]:150[150]
64497	1003-999	0	3906	-1	A0A366Q855|unreviewed|Aldedh|k147_2064533_flag_1_multi_4_7116_len_1052_37672|-|141|5.482e-37|1|5|1003|1003[1003]:5[5]:999[999]
211310	1338-774	0	4972	-1	A0A0C9VP92|unreviewed|4-nitrophenylphosphatase|taxID:990650|k147_1097494_flag_0_multi_7_4118_len_1854_176730|-|106|1.884e-26|1|565|1338|1338[1338]:565[565]:774[774]
189310	230+1212	0	3906	1	A0A366Q855|unreviewed|Aldedh|k147_2170581_flag_1_multi_4_0000_len_1454_232503|+|228|3.543e-63|1|230|1441|230[230]:1441[1441]:1212[1212]
240644	489+180	0	2186	1	A0A1B8A8M0|unreviewed|Hydrophobin|taxID:36050|k147_904231_flag_1_multi_4_0000_len_1262_102430|+|38|5.559e-06|1|489|668|489[489]:668[668]:180[180]
4728	43+1017	0	488	1	A0A420TTB3|unreviewed|Aldedh|k147_2032636_flag_1_multi_6_0000_len_3069_151296|+|209|1.857e-57|1|43|1059|43[43]:1059[1059]:1017[1017]
47197	443+597	0	2355	1	A0A162IG95|unreviewed|EKC/KEOPS|k147_762653_flag_1_multi_7_0000_len_1527_243909|+|47|1.086e-08|1|443|1039|443[443]:1039[1039]:597[597]
74588	714-630	0	2355	-1	A0A162IG95|unreviewed|EKC/KEOPS|k147_2550282_flag_1_multi_3_0000_len_1086_107305|-|51|6.786e-10|1|85|714|714[714]:85[85]:630[630]
86283	1120-633	0	2355	-1	A0A162IG95|unreviewed|EKC/KEOPS|k147_2931626_flag_0_multi_2_9759_len_1143_228266|-|49|2.715e-09|1|488|1120|1120[1120]:488[488]:633[633]
173152	3940-732	0	4972	-1	A0A0C9VP92|unreviewed|4-nitrophenylphosphatase|taxID:990650|k147_3282724_flag_0_multi_13_0000_len_5743_222005|-|98|4.822e-24|1|3209|3940|3940[3940]:3209[3209]:732[732]
113171	977-975	0	3906	-1	A0A366Q855|unreviewed|Aldedh|k147_1720177_flag_1_multi_4_0000_len_1125_75566|-|194|6.086e-53|1|3|977|977[977]:3[3]:975[975]
16645	632+1164	0	4336	1	A0A4T0FKI7|unreviewed|Arginine|k147_651596_flag_0_multi_16_5263_len_2748_26082|+|250|8.446e-70|1|632|1795|632[632]:1795[1795]:1164[1164]
177985	409+603	0	2355	1	A0A162IG95|unreviewed|EKC/KEOPS|k147_3963137_flag_1_multi_11_0000_len_3886_123382|+|61|6.627e-13|1|409|1011|409[409]:1011[1011]:603[603]
125453	728-594	0	2355	-1	A0A162IG95|unreviewed|EKC/KEOPS|k147_3398533_flag_1_multi_3_0000_len_1091_215311|-|49|2.715e-09|1|135|728|728[728]:135[135]:594[594]
126381	161+615	0	2355	1	A0A162IG95|unreviewed|EKC/KEOPS|k147_1701581_flag_1_multi_3_7315_len_1387_245007|+|64|8.284e-14|1|161|775|161[161]:775[775]:615[615]
71740	7780-1143	0	4336	-1	A0A4T0FKI7|unreviewed|Arginine|k147_1706977_flag_0_multi_41_2871_len_10908_16169|-|243|1.081e-67|1|6638|7780|7780[7780]:6638[6638]:1143[1143]
138948	988+612	0	2355	1	A0A162IG95|unreviewed|EKC/KEOPS|k147_1794092_flag_0_multi_6_0000_len_2051_140593|+|50|1.357e-09|1|988|1599|988[988]:1599[1599]:612[612]
139229	1363-222	0	671	-1	A0A8H3VCI2|unreviewed|Cryparin|taxID:5025|k147_2912383_flag_1_multi_6_0000_len_3383_149585|-|36|2.224e-05|1|1142|1363|1363[1363]:1142[1142]:222[222]
120243	5202-1104	0	4336	-1	A0A4T0FKI7|unreviewed|Arginine|k147_1537835_flag_1_multi_20_0000_len_10904_48591|-|227|7.085e-63|1|4099|5202|5202[5202]:4099[4099]:1104[1104]
238901	628+612	0	2355	1	A0A162IG95|unreviewed|EKC/KEOPS|k147_1713524_flag_1_multi_1_0000_len_1285_46654|+|61|6.627e-13|1|628|1239|628[628]:1239[1239]:612[612]
124263	5007-255	0	5438	-1	A0A2K0TCD0|unreviewed|Trihydrophobin|taxID:398673|k147_276057_flag_0_multi_8_9112_len_5103_177231|-|36|2.224e-05|1|4753|5007|5007[5007]:4753[4753]:255[255]
248352	926+132	0	4411	1	A0A1P8YYG5|unreviewed|Class|k147_2312455_flag_0_multi_7_0000_len_1541_95839|+|32|0.0003558|1|926|1057|926[926]:1057[1057]:132[132]
174919	1035-1023	0	3906	-1	A0A366Q855|unreviewed|Aldedh|k147_2061747_flag_1_multi_3_0000_len_2031_25270|-|146|1.713e-38|1|13|1035|1035[1035]:13[13]:1023[1023]
123021	987-987	0	3906	-1	A0A366Q855|unreviewed|Aldedh|k147_1793398_flag_1_multi_6_0000_len_1130_137487|-|184|6.232e-50|1|1|987|987[987]:1[1]:987[987]
65597	3202+606	0	2355	1	A0A162IG95|unreviewed|EKC/KEOPS|k147_1543273_flag_0_multi_33_9447_len_7309_72872|+|59|2.651e-12|1|3202|3807|3202[3202]:3807[3807]:606[606]
185491	463+603	0	2355	1	A0A162IG95|unreviewed|EKC/KEOPS|k147_2374644_flag_0_multi_4_0000_len_1304_110295|+|64|8.284e-14|1|463|1065|463[463]:1065[1065]:603[603]
94245	51+309	0	5050	1	A0A8H5USJ9|unreviewed|Hydrophobin|taxID:56676|k147_3108613_flag_1_multi_2_9849_len_1734_229771|+|32|0.0003558|1|51|359|51[51]:359[359]:309[309]
33623	1471-216	0	2665	-1	A0A8J5NLW2|unreviewed|Hydrophobin|taxID:485398|k147_3303355_flag_1_multi_5_0000_len_1706_62820|-|32|0.0003558|1|1256|1471|1471[1471]:1256[1256]:216[216]
228244	11+1191	0	4336	1	A0A4T0FKI7|unreviewed|Arginine|k147_2165838_flag_1_multi_3_0000_len_1275_212124|+|233|1.107e-64|1|11|1201|11[11]:1201[1201]:1191[1191]
139210	149+1164	0	4336	1	A0A4T0FKI7|unreviewed|Arginine|k147_2207827_flag_1_multi_11_0000_len_6208_148977|+|254|5.279e-71|1|149|1312|149[149]:1312[1312]:1164[1164]
149204	1153+273	0	788	1	A8PA37|unreviewed|Hydrophobin|taxID:240176|k147_3808908_flag_1_multi_16_0000_len_1911_215506|+|32|0.0003558|1|1153|1425|1153[1153]:1425[1425]:273[273]
117991	2246-1296	0	3906	-1	A0A366Q855|unreviewed|Aldedh|k147_1229200_flag_1_multi_6_0000_len_2256_229806|-|172|2.553e-46|1|951|2246|2246[2246]:951[951]:1296[1296]
184401	1425-1311	0	488	-1	A0A420TTB3|unreviewed|Aldedh|k147_897965_flag_1_multi_2_0000_len_1432_75415|-|172|2.553e-46|1|115|1425|1425[1425]:115[115]:1311[1311]
208971	378+903	0	3906	1	A0A366Q855|unreviewed|Aldedh|k147_1961131_flag_0_multi_125_1189_len_1282_101882|+|207|7.429e-57|1|378|1280|378[378]:1280[1280]:903[903]
249857	1422+1011	0	3906	1	A0A366Q855|unreviewed|Aldedh|k147_3087443_flag_0_multi_5_6047_len_2434_143999|+|153|1.338e-40|1|1422|2432|1422[1422]:2432[2432]:1011[1011]
249490	1233-1167	0	4336	-1	A0A4T0FKI7|unreviewed|Arginine|k147_1909549_flag_1_multi_2_0000_len_1863_132255|-|247|6.757e-69|1|67|1233|1233[1233]:67[67]:1167[1167]
140463	580-177	0	3019	-1	F8QFY3|unreviewed|Hydrophobin|taxID:936435|k147_2980892_flag_1_multi_4_0000_len_1237_189073|-|31|0.0007116|1|404|580|580[580]:404[404]:177[177]
101378	744+480	0	4972	1	A0A0C9VP92|unreviewed|4-nitrophenylphosphatase|taxID:990650|k147_3043386_flag_1_multi_2_0000_len_1251_204748|+|76|2.022e-17|1|744|1223|744[744]:1223[1223]:480[480]
41289	199+630	0	2355	1	A0A162IG95|unreviewed|EKC/KEOPS|k147_2244509_flag_1_multi_13_0000_len_1499_54853|+|60|1.325e-12|1|199|828|199[199]:828[828]:630[630]
248784	2+1158	0	3906	1	A0A366Q855|unreviewed|Aldedh|k147_4018476_flag_1_multi_8_0000_len_1186_109663|+|351|3.331e-100|1|2|1159|2[2]:1159[1159]:1158[1158]
8244	19+612	0	2355	1	A0A162IG95|unreviewed|EKC/KEOPS|k147_2645973_flag_1_multi_3_0000_len_1115_10529|+|45|4.343e-08|1|19|630|19[19]:630[630]:612[612]
206807	665+1155	0	4336	1	A0A4T0FKI7|unreviewed|Arginine|k147_3590745_flag_0_multi_9_9360_len_2304_32634|+|235|2.768e-65|1|665|1819|665[665]:1819[1819]:1155[1155]
219343	1347-675	0	2355	-1	A0A162IG95|unreviewed|EKC/KEOPS|k147_3741697_flag_1_multi_8_0000_len_1350_180539|-|55|4.241e-11|1|673|1347|1347[1347]:673[673]:675[675]
133303	4843+618	0	2355	1	A0A162IG95|unreviewed|EKC/KEOPS|k147_3573648_flag_1_multi_13_0000_len_5505_213232|+|68|5.178e-15|1|4843|5460|4843[4843]:5460[5460]:618[618]
16014	186+1047	0	4336	1	A0A4T0FKI7|unreviewed|Arginine|k147_1763657_flag_1_multi_10_9652_len_3594_5890|+|211|4.643e-58|1|186|1232|186[186]:1232[1232]:1047[1047]
105644	1308+576	0	2355	1	A0A162IG95|unreviewed|EKC/KEOPS|k147_1781740_flag_1_multi_6_0000_len_1981_87981|+|54|8.483e-11|1|1308|1883|1308[1308]:1883[1883]:576[576]
36696	525-216	0	347	-1	A0A067T6L6|unreviewed|Hydrophobin|taxID:685588|k147_1916622_flag_1_multi_2_0000_len_1249_161156|-|32|0.0003558|1|310|525|525[525]:310[310]:216[216]
75462	573-573	0	2355	-1	A0A162IG95|unreviewed|EKC/KEOPS|k147_3495955_flag_1_multi_10_0000_len_1158_135273|-|52|3.393e-10|1|1|573|573[573]:1[1]:573[573]
155671	1733-183	0	5014	-1	A0A4Q2DJ55|unreviewed|Hydrophobin|taxID:2316362|k147_920432_flag_0_multi_18_8766_len_1898_169171|-|33|0.0001779|1|1551|1733|1733[1733]:1551[1551]:183[183]
11525	1318-1242	0	488	-1	A0A420TTB3|unreviewed|Aldedh|k147_2317097_flag_1_multi_3_0000_len_1320_115521|-|113|1.472e-28|1|77|1318|1318[1318]:77[77]:1242[1242]
144699	621+666	0	4972	1	A0A0C9VP92|unreviewed|4-nitrophenylphosphatase|taxID:990650|k147_2717522_flag_0_multi_21_7852_len_2493_71346|+|117|9.197e-30|1|621|1286|621[621]:1286[1286]:666[666]
213638	48+1350	0	3906	1	A0A366Q855|unreviewed|Aldedh|k147_2525540_flag_1_multi_7_0000_len_1537_251226|+|262|2.062e-73|1|48|1397|48[48]:1397[1397]:1350[1350]
237700	551+240	0	283	1	F8PBG6|unreviewed|Hydrophobin|taxID:578457|k147_1940350_flag_1_multi_3_0000_len_1090_8222|+|34|8.895e-05|1|551|790|551[551]:790[790]:240[240]
217157	1127-603	0	2355	-1	A0A162IG95|unreviewed|EKC/KEOPS|k147_2961873_flag_1_multi_7_0000_len_1139_110587|-|75|4.045e-17|1|525|1127|1127[1127]:525[525]:603[603]
7239	706-576	0	2355	-1	A0A162IG95|unreviewed|EKC/KEOPS|k147_2697216_flag_1_multi_9_0000_len_3294_231648|-|51|6.786e-10|1|131|706|706[706]:131[131]:576[576]
98737	889+177	0	1673	1	A0A1B7YSC2|unreviewed|Fungal|k147_555795_flag_1_multi_5_0000_len_1583_120236|+|31|0.0007116|1|889|1065|889[889]:1065[1065]:177[177]
231116	1111-1044	0	488	-1	A0A420TTB3|unreviewed|Aldedh|k147_2360798_flag_1_multi_2_0000_len_1187_50781|-|173|1.276e-46|1|68|1111|1111[1111]:68[68]:1044[1044]
121036	2051-594	0	2355	-1	A0A162IG95|unreviewed|EKC/KEOPS|k147_955766_flag_0_multi_4_9781_len_2338_73967|-|55|4.241e-11|1|1458|2051|2051[2051]:1458[1458]:594[594]
5125	1607-1185	0	3410	-1	A0A8H7B8Y1|unreviewed|Amino|k147_3502979_flag_1_multi_10_0000_len_1795_164000|-|132|2.807e-34|1|423|1607|1607[1607]:423[423]:1185[1185]
192152	2168+603	0	2355	1	A0A162IG95|unreviewed|EKC/KEOPS|k147_2659092_flag_1_multi_14_0000_len_8007_70168|+|64|8.284e-14|1|2168|2770|2168[2168]:2770[2770]:603[603]
123438	2308-1179	0	3410	-1	A0A8H7B8Y1|unreviewed|Amino|k147_3499788_flag_1_multi_6_7757_len_3089_150831|-|59|2.651e-12|1|1130|2308|2308[2308]:1130[1130]:1179[1179]
226570	20+1011	0	488	1	A0A420TTB3|unreviewed|Aldedh|k147_1915945_flag_1_multi_7_0000_len_1424_158556|+|186|1.558e-50|1|20|1030|20[20]:1030[1030]:1011[1011]
99982	911-912	0	3906	-1	A0A366Q855|unreviewed|Aldedh|k147_3267766_flag_1_multi_3_0000_len_1054_160076|-|151|5.353e-40|1|0|911|911[911]:0[0]:912[912]
99834	1498-1404	0	3906	-1	A0A366Q855|unreviewed|Aldedh|k147_3266611_flag_1_multi_5_0000_len_1539_155340|-|225|2.834e-62|1|95|1498|1498[1498]:95[95]:1404[1404]
81252	1471-1134	0	488	-1	A0A420TTB3|unreviewed|Aldedh|k147_1835899_flag_1_multi_7_0000_len_1474_67274|-|188|3.895e-51|1|338|1471|1471[1471]:338[338]:1134[1134]
94748	559+210	0	4891	1	A8NNA1|unreviewed|Hydrophobin|taxID:240176|k147_3698283_flag_1_multi_4_0000_len_1015_245867|+|33|0.0001779|1|559|768|559[559]:768[768]:210[210]
192281	1557+837	0	2355	1	A0A162IG95|unreviewed|EKC/KEOPS|k147_3658101_flag_1_multi_12_0192_len_3424_74296|+|53|1.697e-10|1|1557|2393|1557[1557]:2393[2393]:837[837]
41076	1083-1047	0	3906	-1	A0A366Q855|unreviewed|Aldedh|k147_2888689_flag_1_multi_7_0000_len_1120_48037|-|167|8.169e-45|1|37|1083|1083[1083]:37[37]:1047[1047]
193099	6+546	0	572	1	A0A4R0RCR0|unreviewed|HDc|k147_1256298_flag_1_multi_10_0000_len_1085_100472|+|66|2.071e-14|1|6|551|6[6]:551[551]:546[546]
133647	1105-1035	0	3906	-1	A0A366Q855|unreviewed|Aldedh|k147_2519218_flag_1_multi_4_0000_len_1107_224240|-|130|1.123e-33|1|71|1105|1105[1105]:71[71]:1035[1035]
186664	105+978	0	3906	1	A0A366Q855|unreviewed|Aldedh|k147_2677054_flag_0_multi_2_9744_len_1084_147831|+|198|3.804e-54|1|105|1082|105[105]:1082[1082]:978[978]
133593	1018-594	0	2355	-1	A0A162IG95|unreviewed|EKC/KEOPS|k147_1814328_flag_1_multi_2_0000_len_1094_222512|-|49|2.715e-09|1|425|1018|1018[1018]:425[425]:594[594]
223901	1068-657	0	2355	-1	A0A162IG95|unreviewed|EKC/KEOPS|k147_3070614_flag_1_multi_8_0000_len_2427_73148|-|57|1.06e-11|1|412|1068|1068[1068]:412[412]:657[657]
98149	1275+981	0	3906	1	A0A366Q855|unreviewed|Aldedh|k147_2548849_flag_0_multi_4_9775_len_2283_101420|+|135|3.508e-35|1|1275|2255|1275[1275]:2255[2255]:981[981]
185947	83+1464	0	488	1	A0A420TTB3|unreviewed|Aldedh|k147_204973_flag_0_multi_7_6506_len_3581_124887|+|227|7.085e-63|1|83|1546|83[83]:1546[1546]:1464[1464]
186410	1387-1107	0	3906	-1	A0A366Q855|unreviewed|Aldedh|k147_1206935_flag_1_multi_5_0000_len_1389_139703|-|170|1.021e-45|1|281|1387|1387[1387]:281[281]:1107[1107]
247096	415+666	0	4972	1	A0A0C9VP92|unreviewed|4-nitrophenylphosphatase|taxID:990650|k147_1187139_flag_1_multi_47_0868_len_3995_55647|+|114|7.358e-29|1|415|1080|415[415]:1080[1080]:666[666]
159801	1836-672	0	4972	-1	A0A0C9VP92|unreviewed|4-nitrophenylphosphatase|taxID:990650|k147_3946198_flag_1_multi_5_0000_len_1926_48052|-|111|5.886e-28|1|1165|1836|1836[1836]:1165[1165]:672[672]
134272	463+273	0	4847	1	A0A4S4LJE8|unreviewed|Hydrophobin|taxID:1095465|k147_938441_flag_1_multi_3_0000_len_1872_244240|+|31|0.0007116|1|463|735|463[463]:735[735]:273[273]
166728	1328-612	0	2355	-1	A0A162IG95|unreviewed|EKC/KEOPS|k147_3410726_flag_1_multi_9_0000_len_2088_16437|-|51|6.786e-10|1|717|1328|1328[1328]:717[717]:612[612]
22731	30+1104	0	4336	1	A0A4T0FKI7|unreviewed|Arginine|k147_1343843_flag_0_multi_5_0000_len_1300_220834|+|243|1.081e-67|1|30|1133|30[30]:1133[1133]:1104[1104]
23044	250+636	0	2355	1	A0A162IG95|unreviewed|EKC/KEOPS|k147_1110854_flag_1_multi_4_0000_len_2025_230850|+|51|6.786e-10|1|250|885|250[250]:885[885]:636[636]
114605	247+177	0	1567	1	A0A166EAL3|unreviewed|Hydrophobin|taxID:1314672|k147_790638_flag_0_multi_3_0000_len_1461_121454|+|34|8.895e-05|1|247|423|247[247]:423[423]:177[177]
238052	381+948	0	3906	1	A0A366Q855|unreviewed|Aldedh|k147_1237890_flag_1_multi_6_0000_len_1531_19486|+|82|3.16e-19|1|381|1328|381[381]:1328[1328]:948[948]
191454	358+192	0	2679	1	K5W3Y9|unreviewed|Hydrophobin|taxID:597362|k147_4063558_flag_1_multi_7_0000_len_1574_47832|+|33|0.0001779|1|358|549|358[358]:549[549]:192[192]
128742	8636-1002	0	2355	-1	A0A162IG95|unreviewed|EKC/KEOPS|k147_2188801_flag_0_multi_13_0000_len_9169_67280|-|45|4.343e-08|1|7635|8636|8636[8636]:7635[7635]:1002[1002]
218673	2273-627	0	2355	-1	A0A162IG95|unreviewed|EKC/KEOPS|k147_3207765_flag_1_multi_12_0000_len_4819_159099|-|36|2.224e-05|1|1647|2273|2273[2273]:1647[1647]:627[627]
220854	47+1143	0	4336	1	A0A4T0FKI7|unreviewed|Arginine|k147_1229013_flag_0_multi_23_0000_len_7294_228891|+|256|1.32e-71|1|47|1189|47[47]:1189[1189]:1143[1143]
125637	103+612	0	2355	1	A0A162IG95|unreviewed|EKC/KEOPS|k147_345260_flag_1_multi_3_0000_len_1146_221199|+|48|5.429e-09|1|103|714|103[103]:714[714]:612[612]
50242	239+579	0	2355	1	A0A162IG95|unreviewed|EKC/KEOPS|k147_1605655_flag_1_multi_5_0000_len_1955_88070|+|50|1.357e-09|1|239|817|239[239]:817[817]:579[579]
126770	5717+1152	0	4336	1	A0A4T0FKI7|unreviewed|Arginine|k147_3643252_flag_1_multi_10_0000_len_7058_4176|+|230|8.857e-64|1|5717|6868|5717[5717]:6868[6868]:1152[1152]
104967	2+960	0	4336	1	A0A4T0FKI7|unreviewed|Arginine|k147_2951672_flag_0_multi_11_0000_len_2013_66317|+|184|6.232e-50|1|2|961|2[2]:961[961]:960[960]
221319	2245-1383	0	3906	-1	A0A366Q855|unreviewed|Aldedh|k147_585681_flag_0_multi_98_6732_len_2246_243771|-|295|2.401e-83|1|863|2245|2245[2245]:863[863]:1383[1383]
107358	1176-1176	0	3906	-1	A0A366Q855|unreviewed|Aldedh|k147_384364_flag_1_multi_5_0000_len_1202_142829|-|179|1.994e-48|1|1|1176|1176[1176]:1[1]:1176[1176]
77338	15+1257	0	3906	1	A0A366Q855|unreviewed|Aldedh|k147_573953_flag_1_multi_3_0000_len_1467_195305|+|102|3.014e-25|1|15|1271|15[15]:1271[1271]:1257[1257]
225836	153+1398	0	3906	1	A0A366Q855|unreviewed|Aldedh|k147_441696_flag_1_multi_13_0000_len_1756_135068|+|196|1.522e-53|1|153|1550|153[153]:1550[1550]:1398[1398]
2601	175+1434	0	3906	1	A0A366Q855|unreviewed|Aldedh|k147_1134302_flag_1_multi_10_0000_len_1714_83232|+|280|7.866e-79|1|175|1608|175[175]:1608[1608]:1434[1434]
178825	1358-684	0	2355	-1	A0A162IG95|unreviewed|EKC/KEOPS|k147_1620128_flag_1_multi_4_0000_len_1505_150262|-|57|1.06e-11|1|675|1358|1358[1358]:675[675]:684[684]
168174	5+1167	0	3906	1	A0A366Q855|unreviewed|Aldedh|k147_4066700_flag_1_multi_5_0000_len_1176_62709|+|245|2.703e-68|1|5|1171|5[5]:1171[1171]:1167[1167]
175986	1792-1476	0	3906	-1	A0A366Q855|unreviewed|Aldedh|k147_1011853_flag_1_multi_10_0000_len_4145_59414|-|222|2.267e-61|1|317|1792|1792[1792]:317[317]:1476[1476]
209662	1+1221	0	488	1	A0A420TTB3|unreviewed|Aldedh|k147_2554138_flag_1_multi_6_0000_len_1381_123994|+|174|6.382e-47|1|1|1221|1[1]:1221[1221]:1221[1221]
112162	6+1212	0	3906	1	A0A366Q855|unreviewed|Aldedh|k147_3827662_flag_0_multi_4_0000_len_1282_43278|+|166|1.634e-44|1|6|1217|6[6]:1217[1217]:1212[1212]
216908	1+1056	0	4336	1	A0A4T0FKI7|unreviewed|Arginine|k147_3899311_flag_1_multi_3_0000_len_1069_102619|+|193|1.217e-52|1|1|1056|1[1]:1056[1056]:1056[1056]
17726	811-528	0	572	-1	A0A4R0RCR0|unreviewed|HDc|k147_2539295_flag_1_multi_5_0000_len_1373_60674|-|42|3.475e-07|1|284|811|811[811]:284[284]:528[528]
28184	439+1161	0	3410	1	A0A8H7B8Y1|unreviewed|Amino|k147_1500698_flag_1_multi_4_0000_len_2121_142051|+|123|1.437e-31|1|439|1599|439[439]:1599[1599]:1161[1161]
205367	3407-606	0	2355	-1	A0A162IG95|unreviewed|EKC/KEOPS|k147_1818216_flag_0_multi_29_0000_len_3602_239801|-|58|5.302e-12|1|2802|3407|3407[3407]:2802[2802]:606[606]
151785	1616-162	0	4298	-1	A0A0W0EXC7|unreviewed|Hydrophobin|taxID:221103|k147_2887943_flag_1_multi_11_0000_len_4668_44819|-|31|0.0007116|1|1455|1616|1616[1616]:1455[1455]:162[162]
207781	989-903	0	4336	-1	A0A4T0FKI7|unreviewed|Arginine|k147_1364996_flag_1_multi_5_3218_len_1791_63802|-|138|4.386e-36|1|87|989|989[989]:87[87]:903[903]
205828	554+474	0	4972	1	A0A0C9VP92|unreviewed|4-nitrophenylphosphatase|taxID:990650|k147_1586508_flag_1_multi_1_0000_len_1030_1306|+|68|5.178e-15|1|554|1027|554[554]:1027[1027]:474[474]
179144	3531-561	0	572	-1	A0A4R0RCR0|unreviewed|HDc|k147_1035877_flag_1_multi_7_0000_len_4201_160470|-|87|9.875e-21|1|2971|3531|3531[3531]:2971[2971]:561[561]
28305	301-270	0	2273	-1	A0A397GCR2|unreviewed|10|k147_3264438_flag_1_multi_3_0000_len_1004_145923|-|63|1.657e-13|1|32|301|301[301]:32[32]:270[270]
88702	775-207	0	215	-1	A0A2H3IXJ8|unreviewed|Hydrophobin|taxID:742152|k147_2948545_flag_1_multi_13_0000_len_1135_52395|-|31|0.0007116|1|569|775|775[775]:569[569]:207[207]
63533	1479+657	0	4972	1	A0A0C9VP92|unreviewed|4-nitrophenylphosphatase|taxID:990650|k147_706471_flag_1_multi_10_0000_len_4375_6824|+|104|7.534e-26|1|1479|2135|1479[1479]:2135[2135]:657[657]
188836	1420-1152	0	3410	-1	A0A8H7B8Y1|unreviewed|Amino|k147_169069_flag_1_multi_4_0000_len_1688_217335|-|64|8.284e-14|1|269|1420|1420[1420]:269[269]:1152[1152]
58992	622-603	0	2355	-1	A0A162IG95|unreviewed|EKC/KEOPS|k147_1435731_flag_1_multi_4_0000_len_1263_114791|-|70|1.294e-15|1|20|622|622[622]:20[20]:603[603]
93909	24+990	0	4336	1	A0A4T0FKI7|unreviewed|Arginine|k147_2871304_flag_1_multi_1_0000_len_1216_219019|+|228|3.543e-63|1|24|1013|24[24]:1013[1013]:990[990]
31848	38+1149	0	4336	1	A0A4T0FKI7|unreviewed|Arginine|k147_3819947_flag_1_multi_7_0000_len_1285_6020|+|253|1.056e-70|1|38|1186|38[38]:1186[1186]:1149[1149]
225314	927-657	0	2355	-1	A0A162IG95|unreviewed|EKC/KEOPS|k147_319815_flag_1_multi_5_0000_len_1499_118364|-|48|5.429e-09|1|271|927|927[927]:271[271]:657[657]
220107	1507-555	0	572	-1	A0A4R0RCR0|unreviewed|HDc|k147_1457768_flag_1_multi_6_0000_len_1687_204987|-|80|1.264e-18|1|953|1507|1507[1507]:953[953]:555[555]
